WAVE,FLUX,ERR,SKYBACK
3647.1035,4.617368E-17,8.394629E-18,9.037843E-18
3652.6265,6.016923E-17,8.31913E-18,-1.0850432E-17
3658.1497,4.7337217E-17,8.0937026E-18,6.367495E-19
3663.6729,4.0670224E-17,7.802181E-18,-2.1314935E-18
3669.1958,2.3610726E-17,7.356016E-18,2.148035E-20
3674.719,2.4976356E-17,7.2717075E-18,-5.6088217E-19
3680.242,4.0997728E-17,7.308776E-18,-4.6871615E-18
3685.7651,1.29685E-17,6.781871E-18,-3.3881124E-18
3691.288,3.9800814E-17,7.1613956E-18,-1.6663067E-18
3696.8113,4.903022E-17,7.156225E-18,-5.7280524E-18
3702.3345,3.327515E-17,6.9286997E-18,6.303005E-18
3707.8574,3.0129402E-17,6.7367115E-18,3.444172E-18
3713.3806,3.19081E-17,6.56293E-18,-2.3763793E-18
3718.9036,3.82187E-17,6.5697348E-18,-3.573975E-18
3724.4268,3.7617077E-17,6.5533285E-18,3.9465507E-18
3729.9497,2.7927417E-17,6.363708E-18,8.492622E-18
3735.473,3.3992157E-17,6.406662E-18,9.589723E-18
3740.996,2.3524929E-17,6.1423856E-18,1.0282739E-17
3746.519,2.3707201E-17,5.9880738E-18,5.112928E-18
3752.0422,1.5765897E-17,5.788062E-18,6.544627E-18
3757.5652,3.1599606E-17,6.0020937E-18,8.164684E-18
3763.0884,3.4732646E-17,5.8806656E-18,-1.5291275E-20
3768.6113,2.5926686E-17,5.6159856E-18,-9.154139E-19
3774.1345,2.6864978E-17,5.6308455E-18,2.5341896E-18
3779.6577,2.2588923E-17,5.4437757E-18,8.753401E-19
3785.1807,2.7421967E-17,5.5053308E-18,4.4155236E-18
3790.7039,2.7590953E-17,5.468628E-18,5.3564593E-18
3796.2268,2.7843515E-17,5.312286E-18,-1.9417089E-18
3801.75,3.0407384E-17,5.3398185E-18,6.62378E-19
3807.273,4.0988755E-17,5.5697574E-18,-6.0457204E-18
3812.7961,4.270078E-17,5.475496E-18,3.23603E-18
3818.3193,3.960968E-17,5.3607677E-18,3.0380824E-18
3823.8423,2.746959E-17,5.1708148E-18,9.069657E-18
3829.3655,3.7124485E-17,5.2626223E-18,8.4317225E-18
3834.8884,2.9511035E-17,5.1266462E-18,1.1411019E-17
3840.4116,3.758211E-17,5.1377917E-18,4.825401E-18
3845.9346,2.3603404E-17,4.9459217E-18,1.2914996E-17
3851.4578,2.9579396E-17,4.88624E-18,3.3405755E-18
3856.981,3.2742115E-17,4.8640495E-18,2.9886482E-18
3862.504,3.308938E-17,4.848001E-18,2.5167818E-18
3868.027,3.0186143E-17,4.7565114E-18,5.4168824E-18
3873.55,3.6165868E-17,4.7948554E-18,2.0276784E-18
3879.0732,3.4255303E-17,4.7270254E-18,1.7560842E-18
3884.5962,3.0543925E-17,4.5545148E-18,-3.948941E-18
3890.1194,2.819767E-17,4.5456714E-18,1.4529965E-18
3895.6426,3.394956E-17,4.6030823E-18,2.106194E-18
3901.1655,3.252684E-17,4.5885954E-18,5.22519E-18
3906.6887,2.856894E-17,4.6012997E-18,1.4925128E-17
3912.2117,4.3516768E-17,4.689278E-18,4.0579206E-18
3917.7349,3.8700052E-17,4.56795E-18,3.4066263E-18
3923.2578,3.7486644E-17,4.512077E-18,2.9899117E-18
3928.781,3.052031E-17,4.394143E-18,5.567752E-18
3934.3042,3.462901E-17,4.413297E-18,4.552967E-18
3939.8271,2.5820863E-17,4.3111227E-18,1.015304E-17
3945.3503,3.50249E-17,4.352914E-18,4.009994E-18
3950.8733,3.654205E-17,4.382002E-18,6.5112465E-18
3956.3965,4.1462792E-17,4.394086E-18,2.866076E-18
3961.9194,3.2849033E-17,4.2688674E-18,6.609486E-18
3967.4426,3.885957E-17,4.2686163E-18,9.40678E-19
3972.9658,4.4587252E-17,4.3197957E-18,4.1360504E-19
3978.4888,2.7742195E-17,4.0959337E-18,6.3063232E-18
3984.012,4.105934E-17,4.3002266E-18,7.835898E-18
3989.535,3.2608664E-17,4.1392908E-18,7.012045E-18
3995.058,3.95702E-17,4.1901086E-18,4.225737E-18
4000.581,4.0917372E-17,4.279046E-18,1.2321089E-17
4006.1042,4.2624273E-17,4.2975776E-18,1.3507894E-17
4011.6274,3.9266145E-17,4.188571E-18,1.0691009E-17
4017.1504,4.5456933E-17,4.30128E-18,1.34743735E-17
4022.6736,5.1664136E-17,4.32661E-18,9.173884E-18
4028.1965,5.408516E-17,4.3401137E-18,9.1318655E-18
4033.7197,5.2467256E-17,4.3499633E-18,1.4027273E-17
4039.2427,5.3616216E-17,4.3664156E-18,1.5597741E-17
4044.7659,6.6502793E-17,4.489204E-18,1.1896279E-17
4050.289,5.3721053E-17,4.2498327E-18,9.161001E-18
4055.812,5.6615484E-17,4.3459598E-18,1.7474675E-17
4061.3352,6.6041974E-17,4.393574E-18,1.0577991E-17
4066.8582,5.2900566E-17,4.2752735E-18,1.7678691E-17
4072.3813,6.11505E-17,4.3503885E-18,1.546699E-17
4077.9043,6.75551E-17,4.4153466E-18,1.6128993E-17
4083.4275,6.923085E-17,4.37447E-18,1.0263434E-17
4088.9507,6.527171E-17,4.327547E-18,1.25375956E-17
4094.4736,7.581379E-17,4.4276617E-18,1.00161026E-17
4099.9966,6.713318E-17,4.2689906E-18,8.210102E-18
4105.52,7.3309464E-17,4.3442657E-18,9.1554286E-18
4111.043,7.357679E-17,4.3502367E-18,1.1018974E-17
4116.566,6.976314E-17,4.2698765E-18,9.127579E-18
4122.0894,6.805991E-17,4.287695E-18,1.4608769E-17
4127.6123,6.6759974E-17,4.2418835E-18,1.4352439E-17
4133.1353,6.7285465E-17,4.2582654E-18,1.6886048E-17
4138.658,6.601983E-17,4.180581E-18,1.08861965E-17
4144.1816,6.568943E-17,4.1674203E-18,1.19045915E-17
4149.7046,6.743833E-17,4.17485E-18,1.246207E-17
4155.2275,7.204429E-17,4.2317774E-18,1.3026854E-17
4160.751,7.373791E-17,4.256074E-18,1.4191256E-17
4166.274,7.729284E-17,4.2838604E-18,1.3024278E-17
4171.797,7.488679E-17,4.253562E-18,1.461879E-17
4177.32,7.047636E-17,4.180921E-18,1.4299443E-17
4182.8433,7.1224764E-17,4.1576633E-18,1.2223949E-17
4188.366,8.470029E-17,4.2820253E-18,8.634679E-18
4193.889,8.088192E-17,4.2608487E-18,1.186729E-17
4199.4126,8.421353E-17,4.2878057E-18,1.2274703E-17
4204.9355,8.06048E-17,4.2060786E-18,9.640385E-18
4210.4585,8.1116924E-17,4.1746205E-18,6.535985E-18
4215.9814,7.905009E-17,4.1916236E-18,1.2075081E-17
4221.505,7.535896E-17,4.151494E-18,1.4011143E-17
4227.028,7.7506446E-17,4.13357E-18,1.0792843E-17
4232.551,7.7122866E-17,4.098935E-18,9.0342665E-18
4238.074,6.960006E-17,3.995636E-18,9.101289E-18
4243.597,7.163913E-17,4.014158E-18,9.232587E-18
4249.12,5.976075E-17,3.8538047E-18,1.1271641E-17
4254.643,5.8925395E-17,3.8369215E-18,1.2623086E-17
4260.1665,5.277809E-17,3.7345716E-18,9.894084E-18
4265.6895,4.7581788E-17,3.660592E-18,1.0922295E-17
4271.2124,4.8219528E-17,3.634318E-18,9.3762486E-18
4276.736,5.5474127E-17,3.722821E-18,7.714534E-18
4282.259,4.1436574E-17,3.547421E-18,1.1234576E-17
4287.7817,4.1853605E-17,3.5314578E-18,1.0796018E-17
4293.3047,4.7435437E-17,3.5664872E-18,6.990136E-18
4298.828,5.1018323E-17,3.6360295E-18,8.733393E-18
4304.351,5.1020887E-17,3.6276035E-18,8.7683875E-18
4309.874,5.0663145E-17,3.622945E-18,8.93905E-18
4315.3975,3.6657578E-17,3.4144405E-18,1.072797E-17
4320.9204,3.2241535E-17,3.356926E-18,1.2116114E-17
4326.4434,3.357192E-17,3.3547379E-18,1.0976773E-17
4331.9663,3.6514164E-17,3.4111663E-18,1.1800335E-17
4337.4897,1.9922175E-17,3.1798605E-18,1.6679293E-17
4343.0127,3.7671112E-17,3.349206E-18,7.002011E-18
4348.5356,3.099874E-17,3.3108392E-18,1.294117E-17
4354.059,3.5757943E-17,3.3169322E-18,7.605293E-18
4359.582,2.3368418E-17,3.1834189E-18,1.38627215E-17
4365.105,3.3565437E-17,3.3313378E-18,1.2676703E-17
4370.628,2.4373823E-17,3.2476254E-18,1.9045114E-17
4376.1514,3.7364165E-17,3.3698697E-18,1.2637236E-17
4381.6743,3.7780343E-17,3.338552E-18,9.216173E-18
4387.1973,3.1815335E-17,3.248311E-18,9.6219105E-18
4392.7207,3.4720943E-17,3.3239351E-18,1.2836315E-17
4398.2437,3.5569494E-17,3.3475114E-18,1.4380085E-17
4403.7666,4.037795E-17,3.3898498E-18,1.2075909E-17
4409.2896,3.6301404E-17,3.4025163E-18,1.9104884E-17
4414.813,4.5040656E-17,3.526803E-18,1.9843653E-17
4420.336,4.9255998E-17,3.512117E-18,1.3121566E-17
4425.859,5.9145267E-17,3.654593E-18,1.4440626E-17
4431.3823,3.996815E-17,3.3984068E-18,1.6022184E-17
4436.9053,6.250471E-17,3.675695E-18,1.3497438E-17
4442.428,5.932924E-17,3.6380148E-18,1.4121833E-17
4447.951,6.830588E-17,3.7427367E-18,1.3537696E-17
4453.4746,6.816053E-17,3.738503E-18,1.36841994E-17
4458.9976,7.3252614E-17,3.7793957E-18,1.1902363E-17
4464.5205,7.72307E-17,3.806463E-18,9.625269E-18
4470.044,8.506949E-17,3.9028185E-18,1.0240873E-17
4475.567,7.775036E-17,3.8463233E-18,1.4482573E-17
4481.09,8.999178E-17,3.955507E-18,1.0763702E-17
4486.613,9.2475656E-17,4.016764E-18,1.4616774E-17
4492.136,9.1514E-17,3.9911833E-18,1.3941467E-17
4497.659,9.051999E-17,3.973544E-18,1.3567054E-17
4503.182,8.872908E-17,3.9556166E-18,1.4775479E-17
4508.7056,9.674837E-17,4.022303E-18,1.2570686E-17
4514.2285,1.01427576E-16,4.0461718E-18,1.0085538E-17
4519.7515,9.9780104E-17,4.056766E-18,1.3189614E-17
4525.2744,9.8401737E-17,4.0261747E-18,1.2619139E-17
4530.798,1.00411594E-16,4.015576E-18,8.866794E-18
4536.321,1.0447335E-16,4.107295E-18,1.4360765E-17
4541.8438,9.392209E-17,3.9553684E-18,1.2460891E-17
4547.367,9.439202E-17,4.028337E-18,1.9687564E-17
4552.89,1.0044341E-16,4.031608E-18,1.2582834E-17
4558.413,9.651022E-17,3.9974425E-18,1.4219984E-17
4563.936,9.230263E-17,3.926094E-18,1.2010281E-17
4569.4595,8.3573816E-17,3.829851E-18,1.3435319E-17
4574.9824,7.8810625E-17,3.7951547E-18,1.6526569E-17
4580.5054,8.928227E-17,3.838675E-18,7.641712E-18
4586.029,7.831884E-17,3.7308695E-18,1.0762205E-17
4591.552,7.195358E-17,3.6717745E-18,1.4383943E-17
4597.0747,7.622805E-17,3.7137973E-18,1.25436745E-17
4602.5977,7.904373E-17,3.756643E-18,1.347745E-17
4608.121,7.44487E-17,3.6750506E-18,1.1911451E-17
4613.644,7.318982E-17,3.6851306E-18,1.4485332E-17
4619.167,7.494881E-17,3.6933395E-18,1.36874205E-17
4624.6904,8.179878E-17,3.7503976E-18,1.1174487E-17
4630.2134,8.829648E-17,3.782491E-18,7.346268E-18
4635.7363,8.431085E-17,3.816544E-18,1.6638535E-17
4641.2593,8.538468E-17,3.777923E-18,1.0559649E-17
4646.7827,8.933672E-17,3.8148552E-18,1.0384077E-17
4652.3057,9.0886635E-17,3.8603543E-18,1.33788E-17
4657.8286,8.802001E-17,3.8341683E-18,1.457166E-17
4663.352,9.013139E-17,3.8473477E-18,1.3536194E-17
4668.875,9.214411E-17,3.8785572E-18,1.462154E-17
4674.398,9.765841E-17,3.9221844E-18,1.28740596E-17
4679.921,9.2542624E-17,3.8887593E-18,1.5899574E-17
4685.4443,8.894754E-17,3.832566E-18,1.4475844E-17
4690.9673,9.458254E-17,3.8590763E-18,1.059702E-17
4696.49,9.4471894E-17,3.8794485E-18,1.3921516E-17
4702.0137,9.549079E-17,3.8662885E-18,1.1249387E-17
4707.5366,9.6749784E-17,3.8773595E-18,1.0875297E-17
4713.0596,9.459923E-17,3.8798952E-18,1.4195784E-17
4718.5825,8.6346664E-17,3.733298E-18,8.9291856E-18
4724.106,8.914309E-17,3.7921396E-18,1.22615455E-17
4729.629,9.230661E-17,3.835652E-18,1.2953253E-17
4735.152,8.42848E-17,3.7367065E-18,1.24706345E-17
4740.6753,8.4260144E-17,3.7065206E-18,1.0032959E-17
4746.198,8.478099E-17,3.718288E-18,1.0743809E-17
4751.721,8.7474065E-17,3.7385234E-18,9.899732E-18
4757.244,8.467104E-17,3.751467E-18,1.4967421E-17
4762.7676,7.8347504E-17,3.670853E-18,1.484986E-17
4768.2905,8.472903E-17,3.7294464E-18,1.3072104E-17
4773.8135,7.7937096E-17,3.6334587E-18,1.1844012E-17
4779.337,7.9899976E-17,3.6689327E-18,1.3439925E-17
4784.86,9.2201515E-17,3.7752192E-18,9.000579E-18
4790.383,8.319006E-17,3.711734E-18,1.5213655E-17
4795.906,8.9221256E-17,3.7643426E-18,1.2190644E-17
4801.429,8.219521E-17,3.647794E-18,9.4330536E-18
4806.952,8.658205E-17,3.736528E-18,1.3335278E-17
4812.475,8.563867E-17,3.7180673E-18,1.3090871E-17
4817.9985,8.570506E-17,3.713551E-18,1.267255E-17
4823.5215,8.8075876E-17,3.7711545E-18,1.5633795E-17
4829.0444,8.151203E-17,3.6885266E-18,1.5526183E-17
4834.5674,7.8647075E-17,3.646776E-18,1.4921169E-17
4840.091,7.716087E-17,3.6375664E-18,1.652182E-17
4845.614,7.8894945E-17,3.6112005E-18,1.20108345E-17
4851.1367,7.760248E-17,3.599715E-18,1.3707495E-17
4856.66,7.8912124E-17,3.619417E-18,1.2532188E-17
4862.183,7.579528E-17,3.5893203E-18,1.3904408E-17
4867.706,7.101558E-17,3.5044747E-18,1.1113558E-17
4873.229,6.6697115E-17,3.4472926E-18,1.1177018E-17
4878.7524,6.5326734E-17,3.4613125E-18,1.468008E-17
4884.2754,6.594185E-17,3.4070095E-18,8.219979E-18
4889.7983,6.567204E-17,3.4247428E-18,1.0972714E-17
4895.322,6.523962E-17,3.4169133E-18,1.1300267E-17
4900.8447,6.2724775E-17,3.393495E-18,1.180471E-17
4906.3677,6.2110133E-17,3.3893703E-18,1.3243534E-17
4911.8906,6.554135E-17,3.4310652E-18,1.27925045E-17
4917.414,5.892612E-17,3.3715336E-18,1.5243938E-17
4922.937,6.09697E-17,3.3734332E-18,1.3687373E-17
4928.46,5.8250456E-17,3.3172929E-18,1.1118591E-17
4933.9834,5.4813947E-17,3.3008667E-18,1.4216072E-17
4939.5063,5.3779826E-17,3.2589067E-18,1.1792627E-17
4945.0293,5.556785E-17,3.2840245E-18,1.18430046E-17
4950.5522,5.3762425E-17,3.2662897E-18,1.288799E-17
4956.0757,5.1792514E-17,3.2292287E-18,1.1572823E-17
4961.5986,5.1506234E-17,3.208698E-18,1.0295065E-17
4967.1216,5.737906E-17,3.2526884E-18,6.6784003E-18
4972.645,4.623392E-17,3.176287E-18,1.447791E-17
4978.168,4.984714E-17,3.2233694E-18,1.5104043E-17
4983.691,5.7603673E-17,3.2948992E-18,1.1471768E-17
4989.214,4.8387412E-17,3.1959986E-18,1.3869945E-17
4994.7373,5.912408E-17,3.3181312E-18,1.202919E-17
5000.2603,5.5290982E-17,3.267582E-18,1.1921986E-17
5005.783,5.3498426E-17,3.2478724E-18,1.36615454E-17
5011.3066,5.0418822E-17,3.2249547E-18,1.4676656E-17
5016.8296,4.945165E-17,3.2057101E-18,1.4325564E-17
5022.3525,5.7738874E-17,3.2866495E-18,1.0931001E-17
5027.8755,5.758368E-17,3.2539108E-18,8.169358E-18
5033.399,4.9305533E-17,3.1652116E-18,1.0751531E-17
5038.922,5.478979E-17,3.212167E-18,9.352783E-18
5044.445,4.7325987E-17,3.1424108E-18,1.2102818E-17
5049.9683,5.4274156E-17,3.258271E-18,1.3914276E-17
5055.491,5.660366E-17,3.2738282E-18,1.2336143E-17
5061.014,5.42626E-17,3.2293193E-18,1.0975642E-17
5066.537,5.6643164E-17,3.2751182E-18,1.2299957E-17
5072.0605,5.6178044E-17,3.2697114E-18,1.2754868E-17
5077.5835,6.290239E-17,3.328692E-18,9.787872E-18
5083.1064,5.6921686E-17,3.2738386E-18,1.2112679E-17
5088.63,6.357531E-17,3.335785E-18,9.428718E-18
5094.153,6.195969E-17,3.338449E-18,1.2541273E-17
5099.676,6.552056E-17,3.3690777E-18,1.0806232E-17
5105.1987,6.094822E-17,3.2972385E-18,9.454478E-18
5110.722,5.574368E-17,3.2661547E-18,1.3401279E-17
5116.245,6.187641E-17,3.332499E-18,1.20771074E-17
5121.768,6.52079E-17,3.353791E-18,1.00924505E-17
5127.2915,6.696921E-17,3.4034206E-18,1.3257223E-17
5132.8145,6.461519E-17,3.3817598E-18,1.3850883E-17
5138.3374,6.1953446E-17,3.3415177E-18,1.333214E-17
5143.8604,6.868865E-17,3.4257625E-18,1.3291267E-17
5149.384,6.8237107E-17,3.4024248E-18,1.2084979E-17
5154.9067,7.2870496E-17,3.4272949E-18,8.2779645E-18
5160.4297,6.807383E-17,3.40421E-18,1.2314215E-17
5165.953,6.6916245E-17,3.378468E-18,1.1150071E-17
5171.476,6.943482E-17,3.4180499E-18,1.20480014E-17
5176.999,6.993924E-17,3.4341625E-18,1.3026999E-17
5182.522,7.153929E-17,3.4495454E-18,1.2664786E-17
5188.0454,7.981851E-17,3.5298882E-18,1.0463735E-17
5193.5684,7.2056855E-17,3.491359E-18,1.667558E-17
5199.0913,7.303897E-17,3.4691781E-18,1.2804999E-17
5204.6147,7.8475194E-17,3.5213414E-18,1.0985821E-17
5210.1377,6.821511E-17,3.4215211E-18,1.4416287E-17
5215.6606,7.037738E-17,3.4411431E-18,1.3689929E-17
5221.1836,7.6636285E-17,3.5090735E-18,1.2628346E-17
5226.707,8.013385E-17,3.530939E-18,1.02126465E-17
5232.23,6.991167E-17,3.4552765E-18,1.5937077E-17
5237.753,6.6443984E-17,3.4039049E-18,1.4684726E-17
5243.2764,6.9194194E-17,3.4200494E-18,1.3049134E-17
5248.7993,7.13862E-17,3.4562727E-18,1.4076058E-17
5254.3223,7.056565E-17,3.4555789E-18,1.5945882E-17
5259.845,6.5435724E-17,3.3880923E-18,1.4764625E-17
5265.3687,6.73584E-17,3.398503E-18,1.3838641E-17
5270.8916,7.022181E-17,3.4185832E-18,1.1529767E-17
5276.4146,7.1727776E-17,3.4253247E-18,1.0292024E-17
5281.938,7.206834E-17,3.4572551E-18,1.3620343E-17
5287.461,6.8994235E-17,3.4055123E-18,1.1903049E-17
5292.984,7.806207E-17,3.5200183E-18,1.2165585E-17
5298.507,6.859731E-17,3.4244585E-18,1.4639949E-17
5304.0303,7.5840174E-17,3.503402E-18,1.456303E-17
5309.553,7.339265E-17,3.5025776E-18,1.6378955E-17
5315.076,7.484782E-17,3.512738E-18,1.631872E-17
5320.5996,6.552323E-17,3.4236888E-18,1.9117515E-17
5326.1226,6.704209E-17,3.3850437E-18,1.2575518E-17
5331.6455,5.6532924E-17,3.2606626E-18,1.4146084E-17
5337.1685,6.150585E-17,3.3065763E-18,1.23724655E-17
5342.692,6.1141015E-17,3.3037685E-18,1.3374744E-17
5348.215,5.6017955E-17,3.2767308E-18,1.5631882E-17
5353.738,6.321397E-17,3.3372672E-18,1.2032343E-17
5359.261,6.0477676E-17,3.2838419E-18,1.0719217E-17
5364.784,6.0006785E-17,3.3257547E-18,1.5407223E-17
5370.307,5.2859386E-17,3.2110093E-18,1.4221101E-17
5375.83,6.127746E-17,3.2994576E-18,1.1542277E-17
5381.3535,5.650126E-17,3.259138E-18,1.3551872E-17
5386.8765,4.9916363E-17,3.1840117E-18,1.4763056E-17
5392.3994,5.1639546E-17,3.1962644E-18,1.3955953E-17
5397.923,5.6392694E-17,3.267952E-18,1.4615135E-17
5403.446,5.880402E-17,3.2657014E-18,1.1123879E-17
5408.9688,5.7510467E-17,3.245199E-18,1.1101784E-17
5414.4917,4.7221607E-17,3.1209264E-18,1.3584173E-17
5420.015,5.377054E-17,3.1807477E-18,9.4839136E-18
5425.538,4.3175387E-17,3.1001393E-18,1.5584913E-17
5431.061,5.3260012E-17,3.182878E-18,9.967106E-18
5436.5845,5.282559E-17,3.2195098E-18,1.390054E-17
5442.1074,4.7007877E-17,3.1156118E-18,1.2308128E-17
5447.6304,4.812087E-17,3.161663E-18,1.4656406E-17
5453.1533,5.112301E-17,3.1963986E-18,1.3938829E-17
5458.677,5.5101025E-17,3.2521816E-18,1.4580253E-17
5464.1997,4.4643067E-17,3.1166716E-18,1.4857398E-17
5469.7227,5.047832E-17,3.2240181E-18,1.7174417E-17
5475.246,4.1902756E-17,3.1058473E-18,1.7292699E-17
5480.769,4.46018E-17,3.1270033E-18,1.5472825E-17
5486.292,4.39926E-17,3.1089821E-18,1.5254696E-17
5491.815,4.310767E-17,3.0547306E-18,1.1272228E-17
5497.3384,4.37955E-17,3.1103499E-18,1.4316582E-17
5502.8613,4.7829595E-17,3.1472537E-18,1.31224354E-17
5508.3843,4.877382E-17,3.176329E-18,1.4215967E-17
5513.9077,4.3019033E-17,3.0945304E-18,1.37353895E-17
5519.4307,4.121538E-17,3.111314E-18,1.7912515E-17
5524.9536,5.1758157E-17,3.229158E-18,1.5669524E-17
5530.4766,4.528898E-17,3.141483E-18,1.5764079E-17
5536.0,5.035884E-17,3.2232468E-18,1.635425E-17
5541.523,4.16546E-17,3.0845815E-18,1.4758183E-17
5547.046,4.971769E-17,3.1977977E-18,1.4485805E-17
5552.5693,4.280224E-17,3.1340755E-18,1.7716463E-17
5558.0923,4.6576916E-17,3.1718104E-18,1.650698E-17
5563.615,4.53818E-17,3.554337E-18,5.911606E-17
5569.138,3.769848E-17,4.323133E-18,1.657617E-16
5574.6616,4.127624E-17,4.470033E-18,1.8092449E-16
5580.1846,3.14621E-17,4.334857E-18,1.7586981E-16
5585.7075,4.4154047E-17,4.00855E-18,1.1451525E-16
5591.231,3.4578032E-17,3.0923926E-18,2.5214568E-17
5596.754,3.0650896E-17,2.9950533E-18,2.1091617E-17
5602.277,3.366837E-17,3.0228552E-18,1.9699409E-17
5607.8,4.0757343E-17,3.1115714E-18,1.7849514E-17
5613.323,4.5425216E-17,3.1272653E-18,1.3612138E-17
5618.846,3.8677933E-17,3.0524383E-18,1.5066896E-17
5624.369,4.4092608E-17,3.170577E-18,1.9151418E-17
5629.8926,3.796576E-17,3.0904049E-18,1.9225102E-17
5635.4155,4.3245036E-17,3.1252933E-18,1.551316E-17
5640.9385,4.5113345E-17,3.155618E-18,1.6374934E-17
5646.4614,4.5189694E-17,3.1548604E-18,1.5231581E-17
5651.985,4.5661634E-17,3.1674032E-18,1.6199052E-17
5657.508,4.2945947E-17,3.1975163E-18,2.273133E-17
5663.031,3.9707273E-17,3.10152E-18,1.8398064E-17
5668.554,4.7083547E-17,3.1832416E-18,1.5211825E-17
5674.077,5.1265706E-17,3.2673295E-18,1.8044508E-17
5679.6,4.6220874E-17,3.2147632E-18,2.0939814E-17
5685.123,4.8455466E-17,3.2246906E-18,1.7974066E-17
5690.6465,4.2860764E-17,3.1806232E-18,2.1638542E-17
5696.1694,4.1497613E-17,3.1931943E-18,2.3666276E-17
5701.6924,3.696683E-17,3.0267343E-18,1.4299752E-17
5707.216,3.65788E-17,3.0685454E-18,1.91616E-17
5712.739,4.1518676E-17,3.1322325E-18,1.791374E-17
5718.2617,4.5605326E-17,3.1959802E-18,1.8692242E-17
5723.7847,4.2752995E-17,3.1802861E-18,2.0366393E-17
5729.308,4.1088053E-17,3.1285575E-18,1.8725614E-17
5734.831,3.6337032E-17,3.0573317E-18,1.7314682E-17
5740.354,4.2658138E-17,3.1622327E-18,1.8541535E-17
5745.8774,4.0119974E-17,3.1259019E-18,1.868508E-17
5751.4004,4.1786336E-17,3.1247703E-18,1.6428053E-17
5756.9233,3.80562E-17,3.0843865E-18,1.7199249E-17
5762.4463,4.391716E-17,3.1436883E-18,1.5490866E-17
5767.9697,4.058738E-17,3.1490969E-18,2.0007476E-17
5773.4927,4.815632E-17,3.1748625E-18,1.28133776E-17
5779.0156,4.286042E-17,3.1453965E-18,1.7217882E-17
5784.539,4.2323487E-17,3.1715252E-18,1.9783507E-17
5790.062,3.9122142E-17,3.1072062E-18,1.8026243E-17
5795.585,4.2968665E-17,3.1949043E-18,2.168304E-17
5801.108,4.391502E-17,3.1777378E-18,1.8483888E-17
5806.6313,4.0687975E-17,3.0945635E-18,1.5000275E-17
5812.1543,4.3064548E-17,3.1440647E-18,1.6784798E-17
5817.6772,3.8525222E-17,3.1158469E-18,2.0836203E-17
5823.2007,4.5271208E-17,3.1884183E-18,1.765444E-17
5828.7236,4.8197313E-17,3.2433723E-18,2.004486E-17
5834.2466,4.6659048E-17,3.1977289E-18,1.6861453E-17
5839.7695,4.642794E-17,3.180428E-18,1.5610627E-17
5845.293,5.1390865E-17,3.2993259E-18,2.0747486E-17
5850.816,4.173705E-17,3.16147E-18,2.103079E-17
5856.339,5.2857063E-17,3.3289042E-18,2.254504E-17
5861.8623,5.1147194E-17,3.3334895E-18,2.4706057E-17
5867.3853,5.028324E-17,3.342923E-18,2.7125787E-17
5872.908,5.444236E-17,3.369325E-18,2.3756453E-17
5878.431,5.0535263E-17,3.5886354E-18,5.3253375E-17
5883.9546,5.376737E-17,3.7883383E-18,7.253046E-17
5889.4775,4.4078906E-17,3.749622E-18,8.163073E-17
5895.0005,5.032552E-17,3.7754033E-18,7.589335E-17
5900.524,5.106709E-17,3.59496E-18,5.369937E-17
5906.047,5.3703275E-17,3.4274018E-18,3.2226546E-17
5911.57,5.598765E-17,3.3829288E-18,2.4368575E-17
5917.093,4.9934697E-17,3.3457173E-18,2.850409E-17
5922.616,4.5570743E-17,3.282069E-18,2.792115E-17
5928.139,5.18098E-17,3.3652108E-18,2.7888722E-17
5933.662,5.078421E-17,3.364752E-18,2.951131E-17
5939.1855,5.3684882E-17,3.3952954E-18,2.8164236E-17
5944.7085,5.4351954E-17,3.3800308E-18,2.5614374E-17
5950.2314,5.022828E-17,3.3403993E-18,2.7183686E-17
5955.7544,5.336247E-17,3.342285E-18,2.2959457E-17
5961.278,4.9592045E-17,3.326934E-18,2.685866E-17
5966.801,4.9717264E-17,3.3253246E-18,2.6927626E-17
5972.3237,4.039287E-17,3.2269075E-18,2.9673903E-17
5977.847,4.7106076E-17,3.2633115E-18,2.4380752E-17
5983.37,5.492371E-17,3.3738778E-18,2.443401E-17
5988.893,5.1811864E-17,3.3001241E-18,2.1651661E-17
5994.416,5.016197E-17,3.3005877E-18,2.313584E-17
5999.9395,4.6941183E-17,3.2538065E-18,2.269324E-17
6005.4624,4.642378E-17,3.2383877E-18,2.2005749E-17
6010.9854,5.2273014E-17,3.3025368E-18,2.0490159E-17
6016.509,4.8474455E-17,3.239528E-18,1.9233154E-17
6022.0317,4.7090522E-17,3.2374577E-18,2.075824E-17
6027.5547,4.492763E-17,3.19838E-18,1.9807642E-17
6033.0776,4.4270812E-17,3.196137E-18,2.0820323E-17
6038.601,3.890976E-17,3.1136344E-18,1.999173E-17
6044.124,3.3935727E-17,3.0264376E-18,1.8265556E-17
6049.647,3.402066E-17,3.0456335E-18,1.982903E-17
6055.1704,3.328174E-17,3.006037E-18,1.74857E-17
6060.6934,3.6869796E-17,3.0322032E-18,1.479512E-17
6066.2163,3.0277533E-17,2.9811676E-18,1.9215662E-17
6071.7393,3.1652533E-17,2.997414E-18,1.8844038E-17
6077.2627,3.0011224E-17,2.928939E-18,1.5043414E-17
6082.7856,2.904888E-17,2.9424731E-18,1.7330506E-17
6088.3086,3.0728608E-17,2.987512E-18,1.9272367E-17
6093.832,3.5483044E-17,3.0500275E-18,1.8427473E-17
6099.355,4.47351E-17,3.1333877E-18,1.3695065E-17
6104.878,3.6739687E-17,3.0499506E-18,1.6859542E-17
6110.401,3.2379277E-17,3.000047E-18,1.7744465E-17
6115.9243,3.4862576E-17,3.0018488E-18,1.4754717E-17
6121.4473,3.386413E-17,2.9844058E-18,1.4561974E-17
6126.97,3.6136513E-17,3.0649858E-18,1.925084E-17
6132.4937,3.440802E-17,3.0328732E-18,1.9179994E-17
6138.0166,3.4688977E-17,3.0105218E-18,1.5889958E-17
6143.5396,3.4613515E-17,3.0118343E-18,1.5829724E-17
6149.0625,3.3332242E-17,3.0388308E-18,2.0092158E-17
6154.586,3.2946117E-17,3.0019003E-18,1.7008359E-17
6160.109,3.6501353E-17,3.0453467E-18,1.654407E-17
6165.632,3.3918336E-17,3.0534483E-18,2.0623762E-17
6171.1553,3.6784047E-17,3.0876622E-18,1.983216E-17
6176.678,4.0318715E-17,3.1147238E-18,1.720208E-17
6182.201,3.7118158E-17,3.0496937E-18,1.5646416E-17
6187.724,3.8044094E-17,3.0162297E-18,1.1971673E-17
6193.2476,3.446671E-17,3.0539016E-18,1.9905167E-17
6198.7705,3.7567595E-17,3.089496E-18,1.8713193E-17
6204.2935,4.053596E-17,3.1187373E-18,1.7126207E-17
6209.817,3.7062648E-17,3.0468675E-18,1.556295E-17
6215.34,3.632268E-17,3.0593697E-18,1.809708E-17
6220.863,3.9725048E-17,3.1376598E-18,2.0226482E-17
6226.3857,3.7289355E-17,3.177646E-18,2.7751339E-17
6231.909,3.5515198E-17,3.1787635E-18,3.046278E-17
6237.432,3.7747954E-17,3.1788315E-18,2.7731654E-17
6242.955,2.8798816E-17,3.0861224E-18,3.1076954E-17
6248.4785,3.528895E-17,3.1246801E-18,2.5082603E-17
6254.0015,3.958542E-17,3.2013126E-18,2.6324755E-17
6259.5244,3.280378E-17,3.1202206E-18,2.828384E-17
6265.0474,3.28325E-17,3.0706504E-18,2.332619E-17
6270.571,3.219551E-17,3.0410588E-18,2.142692E-17
6276.0938,3.3729434E-17,3.081653E-18,2.327057E-17
6281.6167,3.402858E-17,3.1165723E-18,2.6662308E-17
6287.14,2.5580569E-17,3.1067353E-18,3.7496997E-17
6292.663,2.6184975E-17,3.243277E-18,4.9992182E-17
6298.186,2.8871462E-17,3.313482E-18,5.365494E-17
6303.709,2.3642963E-17,3.2075072E-18,4.957947E-17
6309.2324,3.072965E-17,3.1549103E-18,3.443466E-17
6314.7554,3.3886006E-17,3.0989422E-18,2.4119652E-17
6320.2783,3.1185516E-17,3.0429797E-18,2.2466222E-17
6325.802,3.5725765E-17,3.103188E-18,2.1519636E-17
6331.3247,3.1629398E-17,3.0595895E-18,2.3526876E-17
6336.8477,3.1830135E-17,3.039358E-18,2.1151402E-17
6342.3706,4.089985E-17,3.169573E-18,2.0470953E-17
6347.894,3.6682175E-17,3.1278032E-18,2.3128271E-17
6353.417,3.156262E-17,3.1021819E-18,2.7215063E-17
6358.94,4.2280156E-17,3.2393824E-18,2.5756136E-17
6364.4634,4.3865007E-17,3.248705E-18,2.4830741E-17
6369.9863,4.3066874E-17,3.223494E-18,2.292572E-17
6375.5093,3.9164262E-17,3.1304636E-18,1.9379199E-17
6381.032,4.015189E-17,3.1050358E-18,1.5898142E-17
6386.5557,3.9239774E-17,3.098425E-18,1.6306792E-17
6392.0786,4.184271E-17,3.1218636E-18,1.4477753E-17
6397.6016,4.2187386E-17,3.0930252E-18,1.1151003E-17
6403.125,3.5669838E-17,3.0597247E-18,1.7531221E-17
6408.648,4.8203947E-17,3.1722478E-18,1.1060303E-17
6414.171,4.6514474E-17,3.2077878E-18,1.631836E-17
6419.694,4.281207E-17,3.104843E-18,1.1594807E-17
6425.2173,4.5492763E-17,3.1535328E-18,1.2735137E-17
6430.74,4.6303837E-17,3.2109154E-18,1.6805233E-17
6436.263,4.782666E-17,3.2079303E-18,1.4373393E-17
6441.7866,4.3974652E-17,3.1145726E-18,1.1548879E-17
6447.3096,5.0863028E-17,3.2671004E-18,1.5936702E-17
6452.8325,4.95107E-17,3.2626876E-18,1.7995466E-17
6458.3555,4.5441663E-17,3.2288838E-18,1.9767931E-17
6463.879,4.2507846E-17,3.225702E-18,2.3523964E-17
6469.402,4.9151863E-17,3.2965774E-18,2.1403226E-17
6474.925,4.1975257E-17,3.1686847E-18,1.8775855E-17
6480.448,4.728543E-17,3.1913073E-18,1.3662222E-17
6485.971,5.1594223E-17,3.271726E-18,1.56022E-17
6491.494,4.3232317E-17,3.163048E-18,1.6668647E-17
6497.017,4.320793E-17,3.2125948E-18,2.0754655E-17
6502.5405,4.2904747E-17,3.1644324E-18,1.7259569E-17
6508.0635,3.998551E-17,3.121307E-18,1.6905062E-17
6513.5864,4.1280038E-17,3.132366E-18,1.5454179E-17
6519.11,3.7710486E-17,3.1085609E-18,1.822301E-17
6524.633,4.316508E-17,3.1940177E-18,1.8936813E-17
6530.156,4.0680938E-17,3.1726767E-18,2.0461186E-17
6535.6787,3.3466467E-17,3.1171983E-18,2.5831039E-17
6541.202,4.345341E-17,3.228011E-18,2.1622691E-17
6546.725,4.5331552E-17,3.2582204E-18,2.1931999E-17
6552.248,4.0845494E-17,3.2269414E-18,2.5201508E-17
6557.7715,4.2585534E-17,3.2123406E-18,2.1217512E-17
6563.2944,4.104384E-17,3.205942E-18,2.2347338E-17
6568.8174,3.8547755E-17,3.1755567E-18,2.3049128E-17
6574.3403,4.2279825E-17,3.1953028E-18,1.9654695E-17
6579.864,4.411993E-17,3.1996314E-18,1.7989813E-17
6585.3867,3.463832E-17,3.0777614E-18,1.8590074E-17
6590.9097,3.9386536E-17,3.1246007E-18,1.6534664E-17
6596.433,3.6504854E-17,3.0773513E-18,1.5727106E-17
6601.956,3.6435592E-17,3.1126016E-18,1.878796E-17
6607.479,3.6120585E-17,3.0836294E-18,1.6829211E-17
6613.002,3.5193623E-17,3.0097374E-18,1.13175265E-17
6618.5254,3.5046025E-17,3.0650896E-18,1.5864398E-17
6624.0483,3.719108E-17,3.0405282E-18,1.0956057E-17
6629.5713,3.5175846E-17,3.0386232E-18,1.3398005E-17
6635.0947,4.0933463E-17,3.1166677E-18,1.2813001E-17
6640.6177,3.703323E-17,3.0512592E-18,1.2338387E-17
6646.1406,3.8571793E-17,3.0949196E-18,1.3850025E-17
6651.6636,3.6714296E-17,3.0155483E-18,9.0451315E-18
6657.187,3.9856927E-17,3.1245207E-18,1.4294784E-17
6662.71,3.5116672E-17,3.0527487E-18,1.4054007E-17
6668.233,3.4744226E-17,3.0733616E-18,1.6472842E-17
6673.7563,3.685603E-17,3.0977397E-18,1.5818213E-17
6679.2793,3.4290352E-17,3.0613586E-18,1.5951937E-17
6684.8022,3.857593E-17,3.0889114E-18,1.1973363E-17
6690.325,2.9829724E-17,2.9427595E-18,1.0589879E-17
6695.8486,3.7578524E-17,3.0452782E-18,9.957985E-18
6701.3716,3.8815725E-17,3.089172E-18,1.13824684E-17
6706.8945,3.5985417E-17,3.085565E-18,1.5078869E-17
6712.418,3.5142212E-17,3.025328E-18,1.0383885E-17
6717.941,4.573066E-17,3.1703E-18,9.611236E-18
6723.464,4.6740628E-17,3.1803657E-18,9.760995E-18
6728.987,3.897229E-17,3.0944459E-18,1.12149784E-17
6734.5103,3.6491162E-17,3.1003323E-18,1.5073537E-17
6740.033,3.733486E-17,3.098758E-18,1.37330395E-17
6745.556,4.349718E-17,3.1332119E-18,8.7715465E-18
6751.0796,3.8332972E-17,3.0873023E-18,1.1071442E-17
6756.6025,3.506603E-17,3.040142E-18,1.1335306E-17
6762.1255,3.3754084E-17,3.0066255E-18,1.0268218E-17
6767.6484,3.2054056E-17,3.0211202E-18,1.3522635E-17
6773.172,4.0042437E-17,3.1094185E-18,1.0330915E-17
6778.695,3.8737735E-17,3.086135E-18,1.0117709E-17
6784.218,3.7878456E-17,3.0669795E-18,9.041058E-18
6789.741,3.4154403E-17,3.0169035E-18,9.688413E-18
6795.264,4.049682E-17,3.12525E-18,1.0453736E-17
6800.787,3.545377E-17,3.0793988E-18,1.3453688E-17
6806.31,3.9518398E-17,3.1515451E-18,1.4271967E-17
6811.8335,3.5727165E-17,3.0398966E-18,1.0671861E-17
6817.3564,4.2286763E-17,3.2294308E-18,1.782387E-17
6822.8794,3.3639596E-17,3.2285627E-18,3.0134428E-17
6828.403,3.8266536E-17,3.338795E-18,3.4631058E-17
6833.926,3.9423875E-17,3.3804446E-18,3.7012468E-17
6839.4487,3.6938108E-17,3.2593747E-18,2.8301763E-17
6844.9717,3.554134E-17,3.152455E-18,1.9237065E-17
6850.495,3.4303868E-17,3.120381E-18,1.8702683E-17
6856.018,3.589041E-17,3.1977915E-18,2.4311756E-17
6861.541,3.9175466E-17,3.2758546E-18,3.131806E-17
6867.0645,4.2543583E-17,3.275406E-18,2.887361E-17
6872.5874,3.4076665E-17,3.0845422E-18,2.2518265E-17
6878.1104,3.9289137E-17,3.103709E-18,1.8701468E-17
6883.6333,4.550421E-17,3.1368207E-18,1.28920325E-17
6889.1567,4.0214527E-17,3.1064665E-18,1.4637647E-17
6894.6797,3.5887833E-17,3.0972649E-18,1.8904748E-17
6900.2026,3.3583566E-17,3.0556252E-18,1.6794104E-17
6905.726,3.6847935E-17,3.0949564E-18,1.5613181E-17
6911.249,3.9552127E-17,3.2020521E-18,2.0916374E-17
6916.772,3.5284845E-17,3.1990724E-18,2.5440666E-17
6922.295,3.1751616E-17,3.1291748E-18,2.3060283E-17
6927.8184,3.162667E-17,3.1156202E-18,2.1806721E-17
6933.3413,4.017576E-17,3.2203337E-18,1.9257926E-17
6938.8643,4.026122E-17,3.2513544E-18,2.193344E-17
6944.3877,3.2168865E-17,3.2276238E-18,3.0831788E-17
6949.9106,3.782843E-17,3.2492018E-18,2.4307156E-17
6955.4336,3.039352E-17,3.0728577E-18,1.7567457E-17
6960.9565,2.8101645E-17,3.0723192E-18,2.1366082E-17
6966.48,3.18034E-17,3.0915365E-18,1.6987161E-17
6972.003,3.2910625E-17,3.154794E-18,2.1317816E-17
6977.526,3.2041748E-17,3.1285408E-18,2.0256975E-17
6983.0493,3.1343445E-17,3.0855746E-18,1.6861304E-17
6988.5723,2.1802312E-17,2.8902348E-18,1.3165134E-17
6994.095,2.6157428E-17,2.9453846E-18,1.144978E-17
6999.618,1.7531865E-17,2.828052E-18,1.3881297E-17
7005.1416,1.1085399E-17,2.769694E-18,1.7841085E-17
7010.6646,1.8404936E-17,2.8317577E-18,1.2794376E-17
7016.1875,1.4996424E-17,2.7815309E-18,1.27999285E-17
7021.711,1.5441492E-17,2.7983177E-18,1.4593789E-17
7027.234,1.3274024E-17,2.7466675E-18,1.21807995E-17
7032.757,1.4232678E-17,2.7477112E-18,1.063935E-17
7038.28,1.7003131E-17,2.7973412E-18,1.18247785E-17
7043.803,1.1805029E-17,2.7628403E-18,1.6107203E-17
7049.326,1.3498699E-17,2.8245838E-18,1.8192216E-17
7054.849,1.6069421E-17,2.789866E-18,1.1427575E-17
7060.3726,1.7166416E-17,2.8011485E-18,1.0652154E-17
7065.8955,1.516182E-17,2.811009E-18,1.4486343E-17
7071.4185,1.4176316E-17,2.7709626E-18,1.3009852E-17
7076.9414,1.27009604E-17,2.7656155E-18,1.4601781E-17
7082.465,1.4442155E-17,2.7961918E-18,1.4428215E-17
7087.988,1.8758408E-17,2.826217E-18,1.0776002E-17
7093.5107,1.2415664E-17,2.748704E-18,1.3251639E-17
7099.034,1.8471623E-17,2.82983E-18,1.152445E-17
7104.557,1.7927927E-17,2.7986947E-18,9.017272E-18
7110.08,1.703335E-17,2.7644587E-18,7.65595E-18
7115.603,1.3952474E-17,2.7808013E-18,1.3044129E-17
7121.1265,2.372683E-17,2.9116123E-18,1.10487085E-17
7126.6494,2.4135185E-17,2.9201901E-18,1.0415982E-17
7132.1724,2.1539866E-17,2.9544352E-18,1.7299195E-17
7137.696,1.6666045E-17,2.875981E-18,1.6838125E-17
7143.2188,1.8887326E-17,2.9013356E-18,1.412803E-17
7148.7417,2.3104007E-17,2.9330803E-18,1.3132722E-17
7154.2646,2.7894178E-17,3.0144476E-18,1.3032433E-17
7159.788,2.7927715E-17,3.0003311E-18,1.2982405E-17
7165.311,2.8051706E-17,3.0085796E-18,1.2755179E-17
7170.834,2.969175E-17,2.960912E-18,6.395256E-18
7176.3574,3.0341997E-17,3.0421296E-18,1.31462284E-17
7181.8804,2.88772E-17,2.979779E-18,9.753089E-18
7187.4033,2.7563064E-17,2.9574834E-18,9.809969E-18
7192.9263,2.8335512E-17,2.9942941E-18,1.22093546E-17
7198.4497,3.1037908E-17,3.0376202E-18,1.1318311E-17
7203.9727,3.1441016E-17,3.016792E-18,8.495297E-18
7209.4956,3.9371514E-17,3.1497942E-18,8.996778E-18
7215.019,3.641698E-17,3.1573782E-18,1.31797805E-17
7220.542,3.1753882E-17,3.029988E-18,7.4605785E-18
7226.065,3.4744153E-17,3.137046E-18,1.30944825E-17
7231.588,3.0132132E-17,3.3755165E-18,4.3094336E-17
7237.1113,3.3670122E-17,3.572851E-18,5.985192E-17
7242.6343,3.1931815E-17,3.6272374E-18,6.690878E-17
7248.157,2.184626E-17,3.5113817E-18,6.8647573E-17
7253.6807,3.7352432E-17,3.466152E-18,4.209009E-17
7259.2036,4.256446E-17,3.3809163E-18,2.5397542E-17
7264.7266,3.025918E-17,3.3048018E-18,3.4403223E-17
7270.2495,3.561342E-17,3.529909E-18,4.9928883E-17
7275.773,3.0058883E-17,3.581759E-18,6.310171E-17
7281.296,2.8726365E-17,3.594112E-18,6.560982E-17
7286.819,3.1064874E-17,3.4699867E-18,4.8517687E-17
7292.3423,2.871702E-17,3.2944056E-18,3.361854E-17
7297.865,3.1644387E-17,3.2367263E-18,2.4175712E-17
7303.388,3.2528345E-17,3.329088E-18,3.0852642E-17
7308.911,3.2425434E-17,3.4445223E-18,4.291623E-17
7314.4346,2.4212212E-17,3.3628046E-18,4.5276677E-17
7319.9575,2.951455E-17,3.507881E-18,5.2081737E-17
7325.4805,3.401611E-17,3.476571E-18,4.1418283E-17
7331.004,3.702042E-17,3.5530766E-18,4.4104513E-17
7336.527,2.942053E-17,3.5777344E-18,5.753705E-17
7342.05,2.7332891E-17,3.495623E-18,5.139817E-17
7347.5728,2.9877387E-17,3.5092633E-18,4.8846203E-17
7353.096,3.218771E-17,3.4027892E-18,3.3973092E-17
7358.619,2.4077527E-17,3.3375383E-18,3.914732E-17
7364.142,2.4593928E-17,3.474628E-18,5.114814E-17
7369.6655,3.16429E-17,3.4782804E-18,4.046865E-17
7375.1885,3.2667358E-17,3.4298546E-18,3.3776918E-17
7380.7114,2.775372E-17,3.3225531E-18,3.023447E-17
7386.2344,2.6210634E-17,3.2238554E-18,2.278264E-17
7391.758,2.5879282E-17,3.3002873E-18,2.978088E-17
7397.281,2.3921564E-17,3.3370668E-18,3.5805737E-17
7402.8037,3.2591575E-17,3.4593026E-18,3.4037235E-17
7408.327,3.1639864E-17,3.3615706E-18,2.5765588E-17
7413.85,3.0150756E-17,3.2895726E-18,1.99247E-17
7419.373,3.2510494E-17,3.2097331E-18,8.764054E-18
7424.896,3.7108183E-17,3.3155103E-18,1.1490148E-17
7430.4194,3.2103743E-17,3.3571586E-18,2.2638671E-17
7435.9424,2.802165E-17,3.3717354E-18,2.8402444E-17
7441.4653,3.09367E-17,3.342972E-18,2.1374706E-17
7446.989,3.0448714E-17,3.3189063E-18,1.8997829E-17
7452.5117,2.5812485E-17,3.193274E-18,1.33177295E-17
7458.0347,2.2498151E-17,3.1689014E-18,1.6092188E-17
7463.5576,2.9815573E-17,3.3025947E-18,1.668203E-17
7469.081,2.9215946E-17,3.3728285E-18,2.2752602E-17
7474.604,2.3985283E-17,3.43855E-18,3.6178574E-17
7480.127,2.1835513E-17,3.4007568E-18,3.5782374E-17
7485.6504,2.5963299E-17,3.4070432E-18,2.8926377E-17
7491.1733,2.7177512E-17,3.3952865E-18,2.5209916E-17
7496.6963,3.1897143E-17,3.397374E-18,1.8383548E-17
7502.219,2.549677E-17,3.2667499E-18,1.484724E-17
7507.7427,1.7427887E-17,3.1734695E-18,1.8137033E-17
7513.2656,2.3616028E-17,3.3532579E-18,2.4244675E-17
7518.7886,2.6159441E-17,3.5204584E-18,3.533858E-17
7524.312,3.254421E-17,3.661227E-18,3.8757174E-17
7529.835,3.2095134E-17,3.675689E-18,4.0032915E-17
7535.358,2.3543736E-17,3.4671575E-18,3.2333276E-17
7540.881,2.3218703E-17,3.3087266E-18,1.8074596E-17
7546.4043,2.1614894E-17,3.293397E-18,1.8800283E-17
7551.9272,2.910008E-17,3.3670598E-18,1.3104938E-17
7557.45,2.5673196E-17,3.3566313E-18,1.6552344E-17
7562.9736,2.3588054E-17,3.473554E-18,2.8944588E-17
7568.4966,3.1056728E-17,3.5987837E-18,2.960262E-17
7574.0195,2.8006936E-17,3.5491065E-18,2.8458097E-17
7579.5425,2.0103138E-17,3.4717085E-18,3.2451602E-17
7585.066,3.1186102E-17,3.4952E-18,2.1120302E-17
7590.589,2.8441838E-17,3.3997185E-18,2.0821378E-17
7596.112,3.2607466E-17,3.3201216E-18,1.841656E-17
7601.6353,2.7612288E-17,3.1313946E-18,1.2755532E-17
7607.158,1.8823286E-17,3.0418122E-18,1.2605688E-17
7612.681,3.8222167E-17,3.154129E-18,7.561174E-18
7618.204,3.0996628E-17,3.2544505E-18,1.6206573E-17
7623.7275,2.5859307E-17,3.2904746E-18,2.0244556E-17
7629.2505,2.392993E-17,3.2624766E-18,1.8847323E-17
7634.7734,1.7408645E-17,3.1755499E-18,1.6422065E-17
7640.297,2.9438293E-17,3.2310841E-18,9.1625655E-18
7645.82,3.2882573E-17,3.3013014E-18,8.886119E-18
7651.343,3.295734E-17,3.3368882E-18,7.670624E-18
7656.8657,2.3519804E-17,3.3169794E-18,1.3431363E-17
7662.389,1.5274866E-17,3.315289E-18,2.0303977E-17
7667.912,2.105091E-17,3.335007E-18,1.2604048E-17
7673.435,2.7032645E-17,3.3736514E-18,6.205263E-18
7678.9585,2.7542866E-17,3.4251198E-18,8.667839E-18
7684.4814,2.0178145E-17,3.349897E-18,1.0840151E-17
7690.0044,2.3747384E-17,3.4795E-18,1.5872008E-17
7695.5273,2.0549216E-17,3.456852E-18,1.8142662E-17
7701.051,2.2202022E-17,3.5260385E-18,2.0615546E-17
7706.5737,2.088529E-17,3.9484193E-18,5.993417E-17
7712.0967,3.0406382E-17,4.2564564E-18,7.739009E-17
7717.62,3.0654543E-17,4.3770068E-18,8.8152744E-17
7723.143,2.3067703E-17,4.227354E-18,8.362541E-17
7728.666,2.2633868E-17,3.8597898E-18,4.6842894E-17
7734.189,1.6334734E-17,3.573229E-18,2.9608394E-17
7739.7124,2.2264054E-17,3.7208565E-18,3.3427398E-17
7745.2354,2.6413144E-17,4.031577E-18,5.5589925E-17
7750.7583,2.4340024E-17,4.142591E-18,6.881012E-17
7756.2817,2.6760539E-17,4.2886027E-18,7.920525E-17
7761.8047,2.3014798E-17,4.0428767E-18,5.947459E-17
7767.3276,2.549548E-17,3.862117E-18,3.8539298E-17
7772.8506,1.9778555E-17,3.754905E-18,3.6137638E-17
7778.374,1.6883282E-17,3.646856E-18,3.074469E-17
7783.897,1.859273E-17,3.84032E-18,4.4560984E-17
7789.42,2.1850437E-17,4.0270846E-18,5.6612506E-17
7794.9434,2.4143298E-17,4.012083E-18,5.0950875E-17
7800.4663,1.6879183E-17,3.9982602E-18,5.940277E-17
7805.9893,1.1398556E-17,3.8942526E-18,5.78837E-17
7811.512,2.2054614E-17,3.944775E-18,4.6505848E-17
7817.0356,2.0495478E-17,4.1709635E-18,6.862227E-17
7822.5586,1.5480591E-17,4.0471284E-18,6.327629E-17
7828.0815,2.156307E-17,4.045452E-18,5.5018287E-17
7833.605,1.0004459E-17,3.8347436E-18,5.0389388E-17
7839.128,1.32301716E-17,3.6994875E-18,3.3563902E-17
7844.651,2.0627848E-17,4.001911E-18,4.983794E-17
7850.174,1.554441E-17,4.2932113E-18,8.363853E-17
7855.6973,1.1020167E-17,4.2995914E-18,8.9981475E-17
7861.22,1.7688751E-17,4.470282E-18,9.6983446E-17
7866.743,1.5533228E-17,4.1889328E-18,7.1041805E-17
7872.2666,1.7076257E-17,4.1174573E-18,6.2977436E-17
7877.7896,2.0886956E-17,4.2160887E-18,6.469362E-17
7883.3125,2.1226548E-17,4.2244623E-18,6.426998E-17
7888.8354,1.0081753E-17,3.9515936E-18,5.4462194E-17
7894.359,1.3456676E-17,3.9416277E-18,4.7774402E-17
7899.882,2.1971697E-17,3.9567767E-18,3.628429E-17
7905.405,8.025155E-18,3.927266E-18,5.2726322E-17
7910.928,1.5506966E-17,4.283785E-18,7.422311E-17
7916.451,1.5901422E-17,4.4603266E-18,8.948377E-17
7921.974,1.27037886E-17,4.4800842E-18,9.6254296E-17
7927.497,1.770386E-17,4.356679E-18,7.4745026E-17
7933.0205,1.9137939E-17,4.0746363E-18,4.6259642E-17
7938.5435,2.0807207E-17,3.974973E-18,3.4256186E-17
7944.0664,1.5567799E-17,3.879505E-18,3.282185E-17
7949.59,1.6028317E-17,3.7885356E-18,2.372298E-17
7955.113,1.4042875E-17,3.980697E-18,4.1412764E-17
7960.6357,2.8110727E-17,4.3699187E-18,5.739927E-17
7966.1587,2.4109512E-17,4.2910896E-18,5.3825648E-17
7971.682,2.0926121E-17,4.409027E-18,6.9013035E-17
7977.205,1.3350206E-17,4.2198458E-18,6.0074965E-17
7982.728,1.3509584E-17,4.1009237E-18,4.9182902E-17
7988.2515,1.0777873E-17,4.340618E-18,7.251865E-17
7993.7744,2.2559823E-17,4.400535E-18,6.250677E-17
7999.2974,9.159871E-18,4.1899353E-18,5.968816E-17
8004.8203,1.21180496E-17,4.0550834E-18,4.4378736E-17
8010.3438,1.5723463E-17,3.979075E-18,3.1555706E-17
8015.8667,2.0516597E-17,4.051936E-18,3.0859078E-17
8021.3896,1.9834163E-17,4.3301065E-18,5.4720588E-17
8026.913,1.1603277E-17,4.2384276E-18,5.6181644E-17
8032.436,8.237109E-18,4.202162E-18,5.6596366E-17
8037.959,1.5524913E-17,4.002626E-18,2.880294E-17
8043.482,2.2291492E-17,3.9755946E-18,1.6333138E-17
8049.0054,1.23657935E-17,3.8394337E-18,1.8303327E-17
8054.5283,1.5297306E-17,3.9892146E-18,2.5042418E-17
8060.0513,1.7883508E-17,4.142801E-18,3.353286E-17
8065.5747,1.0791487E-17,4.057502E-18,3.477136E-17
8071.0977,1.2408363E-17,3.986178E-18,2.586055E-17
8076.6206,1.3404183E-17,3.946137E-18,2.0769451E-17
8082.1436,2.1607511E-17,4.004472E-18,1.31041175E-17
8087.667,2.3094562E-17,3.988579E-18,9.990359E-18
8093.19,1.6364275E-17,3.9732496E-18,1.732239E-17
8098.713,1.4701392E-17,4.0477657E-18,2.3027947E-17
8104.2363,1.5415194E-17,4.068204E-18,2.3536241E-17
8109.7593,2.3971937E-17,4.0775827E-18,1.1550777E-17
8115.282,2.2383504E-17,4.0217397E-18,8.564359E-18
8120.805,1.5868706E-17,3.9565864E-18,1.121545E-17
8126.3286,1.6933029E-17,3.9770563E-18,1.041522E-17
8131.8516,1.8849155E-17,3.9842416E-18,8.107913E-18
8137.3745,2.0441478E-17,4.0366898E-18,9.875591E-18
8142.898,1.7171805E-17,4.0546863E-18,1.3913186E-17
8148.421,2.0323242E-17,4.1194773E-18,1.5521425E-17
8153.944,1.537462E-17,4.019313E-18,1.15588E-17
8159.467,2.7008319E-17,4.1684977E-18,9.570193E-18
8164.99,1.432197E-17,4.003015E-18,1.0581652E-17
8170.513,1.5738759E-17,3.9812534E-18,6.1421908E-18
8176.036,2.4608494E-17,4.0803004E-18,1.8333333E-18
8181.5596,1.4412788E-17,4.0582643E-18,1.1213975E-17
8187.0825,1.9825256E-17,4.10926E-18,7.458897E-18
8192.605,1.9805668E-17,4.1055455E-18,6.04971E-18
8198.129,1.8032392E-17,4.1264256E-18,8.7684396E-18
8203.651,7.810333E-18,3.9647945E-18,8.776572E-18
8209.175,1.2063167E-17,4.0899E-18,1.0969534E-17
8214.698,2.205871E-17,4.2344265E-18,8.503053E-18
8220.221,1.4716395E-17,4.0680135E-18,4.983246E-18
8225.744,1.9351179E-17,4.1765623E-18,7.0324414E-18
8231.268,2.192866E-17,4.255011E-18,8.388705E-18
8236.79,2.386213E-17,4.253723E-18,4.541418E-18
8242.313,1.3620829E-17,4.1834424E-18,1.0243871E-17
8247.836,1.1286279E-17,4.1624212E-18,1.073404E-17
8253.359,1.2717297E-17,4.2019613E-18,1.0325615E-17
8258.883,1.7194873E-17,4.3072746E-18,1.1576484E-17
8264.405,1.7950512E-17,4.284678E-18,8.141186E-18
8269.929,2.1583483E-17,4.3305023E-18,6.1969687E-18
8275.452,1.6177474E-17,4.6256167E-18,3.4871417E-17
8280.975,6.245421E-18,4.9016804E-18,6.967948E-17
8286.498,2.0930575E-17,5.303234E-18,8.495475E-17
8292.021,2.4966005E-17,5.619174E-18,1.08769354E-16
8297.544,2.007127E-17,5.5600326E-18,1.06581084E-16
8303.067,1.3438828E-17,5.2178276E-18,8.134809E-17
8308.591,1.4162402E-17,5.0815636E-18,6.8050984E-17
8314.113,1.7854146E-17,4.771478E-18,3.6489564E-17
8319.637,2.0422373E-17,4.622321E-18,1.9334634E-17
8325.159,2.5132147E-17,4.637162E-18,1.435564E-17
8330.683,1.9624994E-17,4.4910435E-18,8.605113E-18
8336.206,1.2258512E-17,4.9739855E-18,5.4481702E-17
8341.729,8.379528E-18,5.607657E-18,1.1197577E-16
8347.252,8.0990445E-18,5.8968626E-18,1.379404E-16
8352.775,8.0618636E-18,5.979528E-18,1.4544869E-16
8358.298,1.2309734E-18,5.5127286E-18,1.0812672E-16
8363.821,1.0595254E-17,5.0208573E-18,5.20893E-17
8369.345,1.5694285E-17,4.9111367E-18,3.5384987E-17
8374.867,7.8199165E-18,4.7685316E-18,3.38752E-17
8380.391,1.22115E-17,4.875579E-18,3.5536288E-17
8385.914,1.6009925E-17,4.9567673E-18,3.5019538E-17
8391.437,1.9075865E-17,5.401834E-18,6.6822165E-17
8396.96,1.6473292E-17,5.6552477E-18,8.9333825E-17
8402.482,3.881219E-18,5.3602896E-18,7.933055E-17
8408.006,7.6708114E-18,5.5437752E-18,8.6249E-17
8413.529,3.9450837E-18,5.3300876E-18,7.202158E-17
8419.052,2.2122853E-17,5.384678E-18,5.2604078E-17
8424.575,2.3173476E-17,5.947298E-18,9.835552E-17
8430.099,-7.5254965E-18,5.789071E-18,1.10012997E-16
8435.621,2.0499307E-17,5.838778E-18,8.885863E-17
8441.145,7.994973E-18,5.4886693E-18,7.2656494E-17
8446.668,1.03892164E-17,5.182502E-18,4.3498378E-17
8452.19,1.483997E-17,5.117302E-18,3.260256E-17
8457.714,2.1587869E-17,5.563199E-18,5.833721E-17
8463.237,1.883839E-17,5.749493E-18,7.4956824E-17
8468.76,1.1407108E-17,5.708146E-18,7.889912E-17
8474.283,1.6011738E-17,5.5051682E-18,5.4974056E-17
8479.806,1.0057643E-17,5.0509166E-18,2.630101E-17
8485.329,7.310651E-18,4.941251E-18,2.0161035E-17
8490.853,1.9205653E-17,5.1514836E-18,2.0293336E-17
8496.375,2.2087327E-17,5.3854537E-18,3.3930522E-17
8501.898,2.314603E-17,5.616734E-18,4.846603E-17
8507.422,1.3644511E-17,5.493633E-18,4.8270862E-17
8512.944,4.4382752E-18,5.2650662E-18,4.058957E-17
8518.468,1.4328174E-17,5.2072947E-18,2.325351E-17
8523.991,6.8488388E-18,4.929787E-18,1.1585826E-17
8529.514,-3.6089998E-18,4.8677408E-18,1.35842785E-17
8535.037,1.7050902E-17,5.0785833E-18,8.118096E-18
8540.561,2.1444194E-17,5.2743166E-18,1.6914823E-17
8546.083,9.222563E-18,5.3181853E-18,3.2507983E-17
8551.606,1.8642725E-17,5.4074778E-18,2.6152448E-17
8557.129,1.9160201E-17,5.293936E-18,1.8141502E-17
8562.652,1.0597189E-17,5.1232225E-18,1.2810809E-17
8568.176,5.532141E-18,5.009293E-18,9.586602E-18
8573.698,1.0809871E-17,5.0163587E-18,2.9055598E-18
8579.222,1.9162395E-17,5.0987963E-18,-1.5491181E-18
8584.745,1.2881618E-17,5.1793856E-18,9.994975E-18
8590.268,4.1135237E-18,5.1282067E-18,1.5739626E-17
8595.791,8.6046595E-18,5.198655E-18,1.3675599E-17
8601.314,1.0928295E-17,5.2752645E-18,1.5137854E-17
8606.837,7.962445E-18,5.252832E-18,1.6257414E-17
8612.36,1.1297417E-17,5.358607E-18,1.8298057E-17
8617.884,8.261418E-18,5.6754355E-18,4.3925574E-17
8623.406,8.0988005E-18,5.933524E-18,6.2105455E-17
8628.93,1.0581214E-17,6.2868423E-18,8.557283E-17
8634.452,3.1997073E-18,6.2021403E-18,8.608555E-17
8639.976,5.3303543E-18,6.0766094E-18,7.2534594E-17
8645.499,4.5327856E-18,6.102764E-18,7.4242246E-17
8651.021,-5.9045775E-19,6.0820746E-18,7.599188E-17
8656.545,7.083457E-18,6.2158574E-18,7.9407254E-17
8662.068,1.900171E-17,6.503887E-18,8.621973E-17
8667.591,1.8331155E-17,6.4714074E-18,8.316958E-17
8673.114,1.3757398E-17,6.2002216E-18,6.457591E-17
8678.638,7.966936E-18,6.012082E-18,5.5815706E-17
8684.16,1.2791265E-17,5.86289E-18,3.7482088E-17
8689.684,1.5078682E-17,5.7965285E-18,2.9132593E-17
8695.207,8.482926E-18,5.631303E-18,2.3656525E-17
8700.7295,1.4120651E-17,5.5813098E-18,1.275429E-17
8706.253,1.00968304E-17,5.5694153E-18,1.5456753E-17
8711.775,5.218152E-19,5.401978E-18,1.3515254E-17
8717.299,6.7609256E-18,5.4802428E-18,1.16531575E-17
8722.822,-9.354171E-19,5.3764705E-18,9.6453064E-18
8728.345,1.745631E-17,5.6646846E-18,8.71775E-18
8733.868,1.182779E-17,5.4804624E-18,1.4843975E-18
8739.392,1.5657621E-18,5.4192804E-18,9.024172E-18
8744.914,1.10895365E-17,5.537127E-18,5.0875884E-18
8750.4375,5.714768E-18,5.75217E-18,2.5223248E-17
8755.961,4.779364E-18,6.5133773E-18,8.0103476E-17
8761.483,1.6648676E-17,7.2037125E-18,1.2182138E-16
8767.007,5.562952E-18,7.494316E-18,1.599373E-16
8772.53,1.3530605E-17,7.890237E-18,1.8451882E-16
8778.053,-7.418526E-19,7.4019306E-18,1.5333787E-16
8783.576,7.65669E-18,7.145753E-18,1.2087124E-16
8789.099,7.998783E-18,6.738663E-18,8.599804E-17
8794.622,5.2838494E-18,6.255325E-18,5.0139212E-17
8800.1455,1.593057E-17,6.1638033E-18,3.022915E-17
8805.668,1.2788824E-17,5.914818E-18,1.5069494E-17
8811.191,8.200476E-18,5.69038E-18,3.419161E-18
8816.715,1.14827434E-17,6.532894E-18,6.092383E-17
8822.237,5.825399E-18,7.6465775E-18,1.5593125E-16
8827.761,3.1925205E-18,8.056213E-18,1.9549678E-16
8833.284,2.2811074E-19,8.369585E-18,2.2605785E-16
8838.807,1.3629219E-17,8.140492E-18,1.875162E-16
8844.33,2.024647E-17,7.27809E-18,1.0087266E-16
8849.854,7.448514E-18,6.5710103E-18,5.908352E-17
8855.376,1.2789196E-17,6.34939E-18,3.432151E-17
8860.899,5.2407475E-18,6.436515E-18,4.879349E-17
8866.422,2.1331415E-17,6.6225747E-18,4.3659317E-17
8871.945,3.7558756E-18,6.615861E-18,6.263224E-17
8877.469,1.281883E-17,7.184214E-18,9.490148E-17
8882.991,2.730621E-18,7.418692E-18,1.238668E-16
8888.515,1.2539584E-17,7.530808E-18,1.2110087E-16
8894.038,1.8972739E-17,7.776366E-18,1.3195765E-16
8899.561,2.872658E-18,7.107734E-18,9.529483E-17
8905.084,2.0646984E-17,7.0956165E-18,6.9936447E-17
8910.607,1.197065E-17,7.506976E-18,1.117853E-16
8916.13,1.2182492E-17,7.92599E-18,1.4699128E-16
8921.653,7.579211E-18,7.753099E-18,1.3435977E-16
8927.177,1.0571724E-17,7.6614395E-18,1.2105649E-16
8932.699,7.895496E-18,7.181214E-18,8.369049E-17
8938.223,1.892842E-18,6.7575354E-18,5.6589755E-17
8943.745,3.0756616E-18,6.8270897E-18,5.941424E-17
8949.269,1.37214995E-17,7.491005E-18,9.653885E-17
8954.792,2.8468718E-17,7.903581E-18,1.13623E-16
8960.314,1.3227815E-17,7.594816E-18,1.02477024E-16
8965.838,-7.0913516E-18,7.26144E-18,8.851646E-17
8971.361,-4.91506E-19,6.8150013E-18,5.3003017E-17
8976.884,1.23641565E-17,6.7069727E-18,3.029761E-17
8982.407,1.1877079E-17,6.6798408E-18,2.758891E-17
8987.931,1.7249244E-17,6.817539E-18,3.2043366E-17
8993.453,8.525902E-18,7.1791915E-18,6.500652E-17
8998.977,-3.2093336E-18,7.320986E-18,8.257232E-17
9004.5,1.2379431E-17,7.288717E-18,6.529984E-17
9010.022,2.4578937E-17,7.116791E-18,3.7296247E-17
9015.546,3.114247E-17,6.8480145E-18,9.530141E-18
9021.068,1.29039175E-17,6.5958088E-18,1.0311589E-17
9026.592,1.1332635E-17,6.684255E-18,1.5389419E-17
9032.115,1.3864206E-17,6.826979E-18,1.9148121E-17
9037.638,3.9803484E-18,6.827202E-18,3.039381E-17
9043.161,2.0239394E-17,7.25294E-18,3.8991534E-17
9048.685,1.0097501E-17,7.221951E-18,4.6322733E-17
9054.207,1.5955879E-17,7.154186E-18,3.2166675E-17
9059.73,1.804919E-17,7.069223E-18,2.2867552E-17
9065.254,2.8603922E-17,7.091069E-18,1.0275223E-17
9070.776,3.2958319E-18,6.613948E-18,3.1004239E-18
9076.3,1.8335044E-17,6.8920622E-18,4.7902534E-18
9081.823,1.7544319E-17,6.8471385E-18,-1.1783199E-18
9087.346,1.4207315E-17,6.947942E-18,6.751253E-18
9092.869,2.4802885E-17,7.232066E-18,1.490266E-17
9098.392,2.6091419E-18,6.974407E-18,1.7307026E-17
9103.915,7.562778E-18,7.17224E-18,2.1850421E-17
9109.438,2.8760534E-18,7.16449E-18,2.4055216E-17
9114.961,2.2419721E-18,7.030068E-18,1.1717768E-17
9120.484,2.7249937E-17,7.199106E-18,-5.700074E-18
9126.008,2.4347828E-17,7.196046E-18,-4.4893606E-18
9131.53,2.2589828E-17,7.273129E-18,2.7553354E-20
9137.054,2.6198127E-17,7.414034E-18,4.61465E-18
9142.577,-1.7258655E-18,7.1165665E-18,6.952568E-18
9148.1,-5.0301003E-19,7.183521E-18,8.730474E-18
9153.623,8.679527E-18,7.430187E-18,1.4779674E-17
9159.146,7.3267514E-18,7.550146E-18,2.147009E-17
9164.669,2.3126286E-17,7.6914455E-18,1.0858041E-17
9170.192,1.9919176E-17,7.628003E-18,7.831403E-18
9175.715,1.8759374E-19,7.29548E-18,3.1205544E-18
9181.238,4.5837254E-18,7.383685E-18,2.9810791E-18
9186.762,5.3170905E-18,7.515964E-18,7.882346E-18
9192.284,-2.8134936E-18,7.407199E-18,3.084377E-18
9197.808,2.8516886E-17,7.826663E-18,-1.2325079E-18
9203.331,1.6047044E-17,7.783186E-18,7.386627E-18
9208.854,-2.8751413E-19,7.539783E-18,5.1550603E-18
9214.377,-7.251121E-18,7.790927E-18,1.9739959E-17
9219.9,2.974219E-18,7.770928E-18,1.5294217E-17
9225.423,2.981899E-17,8.127218E-18,6.9212026E-18
9230.946,1.9531533E-17,8.005471E-18,8.6140885E-18
9236.47,2.192737E-17,7.919956E-18,-1.5653247E-18
9241.992,1.7813429E-17,7.905969E-18,2.7924433E-18
9247.516,2.1396497E-17,7.947454E-18,1.3920423E-18
