WAVE,FLUX,ERR,BGFLUX
3632.0188,8.7166415E-18,5.1399212E-18,3.4891333E-16
3637.5398,6.2638872E-18,5.3008587E-18,3.5708942E-16
3643.0605,4.8693012E-18,5.5243894E-18,3.7499657E-16
3648.5815,6.2699174E-18,5.745327E-18,3.8759288E-16
3654.1023,1.0551778E-17,5.9138095E-18,3.862395E-16
3659.6233,1.8208394E-17,5.9457527E-18,3.5947287E-16
3665.144,-6.242674E-18,5.9235835E-18,3.675509E-16
3670.665,8.731851E-18,5.9516174E-18,3.4511886E-16
3676.1858,-1.4879659E-17,6.0877672E-18,3.6530366E-16
3681.7068,5.469841E-18,6.200083E-18,3.6540985E-16
3687.2275,7.623359E-18,6.2206273E-18,3.584851E-16
3692.7485,1.3004979E-17,6.271218E-18,3.5371498E-16
3698.2695,1.1519937E-17,6.2959595E-18,3.5711036E-16
3703.7903,5.1834665E-18,6.1045197E-18,3.3547436E-16
3709.3113,1.577247E-17,6.1378605E-18,3.2974971E-16
3714.832,1.6902451E-17,5.993196E-18,3.1024837E-16
3720.353,1.0234157E-17,5.8717523E-18,3.0492696E-16
3725.8738,1.7569157E-17,5.8346587E-18,2.9630348E-16
3731.3948,1.15860624E-17,5.6940057E-18,2.8938889E-16
3736.9155,4.4756017E-18,5.637527E-18,2.96625E-16
3742.4365,1.7943642E-17,5.6714406E-18,2.9266068E-16
3747.9573,1.3945223E-17,5.660352E-18,3.0351096E-16
3753.4783,7.4032566E-18,5.607558E-18,3.1082536E-16
3758.999,1.7529294E-17,5.641327E-18,3.1207958E-16
3764.52,-3.4392145E-18,5.6505498E-18,3.407543E-16
3770.0408,1.9114632E-17,5.810935E-18,3.5288954E-16
3775.5618,1.5168411E-17,5.7131045E-18,3.5105603E-16
3781.0825,2.522438E-18,5.4589545E-18,3.3518862E-16
3786.6035,1.332143E-17,5.372631E-18,3.1752626E-16
3792.1243,1.106049E-18,5.2376717E-18,3.1396046E-16
3797.6453,5.9922978E-18,5.2583694E-18,3.1757354E-16
3803.166,2.2524972E-17,5.2745263E-18,3.0759173E-16
3808.687,3.44705E-18,4.975814E-18,2.9231012E-16
3814.2078,7.272362E-18,4.7899155E-18,2.6647852E-16
3819.7288,5.7714803E-18,4.572715E-18,2.4265342E-16
3825.2495,1.516945E-17,4.4948903E-18,2.2506338E-16
3830.7705,2.1528529E-17,4.543934E-18,2.2890967E-16
3836.2913,1.9894099E-17,4.6348402E-18,2.4785028E-16
3841.8123,1.3480889E-17,4.6977092E-18,2.6949732E-16
3847.333,8.803753E-18,4.684302E-18,2.7789505E-16
3852.854,8.59604E-18,4.648817E-18,2.768777E-16
3858.3748,1.2725374E-18,4.477946E-18,2.6570063E-16
3863.8958,1.10257774E-17,4.5422444E-18,2.6671702E-16
3869.4165,1.9433244E-17,4.528026E-18,2.5872695E-16
3874.9375,1.3780697E-17,4.440081E-18,2.572702E-16
3880.4583,7.164696E-18,4.3776983E-18,2.5946255E-16
3885.9792,4.9288475E-18,4.426583E-18,2.733714E-16
3891.5,1.0222608E-17,4.5376345E-18,2.883151E-16
3897.021,1.2056383E-17,4.7095197E-18,3.175919E-16
3902.5417,1.1178984E-17,4.7393036E-18,3.281138E-16
3908.0627,1.6741871E-17,4.774216E-18,3.315597E-16
3913.5835,8.1443426E-18,4.5935337E-18,3.169731E-16
3919.1045,9.133123E-18,4.2858163E-18,2.6988158E-16
3924.6252,3.7353152E-18,3.848105E-18,2.1517681E-16
3930.1462,1.1289884E-19,3.665828E-18,1.9724703E-16
3935.667,1.1167742E-17,3.835863E-18,2.1549318E-16
3941.188,3.0007865E-18,4.072956E-18,2.664659E-16
3946.7087,5.4923366E-18,4.2720785E-18,2.9970813E-16
3952.2297,1.34350915E-17,4.244028E-18,2.8867698E-16
3957.7505,1.8367812E-17,4.0054604E-18,2.4612705E-16
3963.2715,1.6534778E-17,3.794919E-18,2.1928547E-16
3968.7922,1.2801017E-17,3.8338833E-18,2.3468715E-16
3974.3132,1.2911832E-17,4.0907597E-18,2.7989852E-16
3979.8342,2.2922154E-17,4.390834E-18,3.2251126E-16
3985.355,1.8461842E-17,4.5656106E-18,3.6569234E-16
3990.876,5.7750425E-18,4.5270594E-18,3.7983938E-16
3996.3967,1.0612866E-17,4.556625E-18,3.8318185E-16
4001.9177,8.288886E-18,4.553713E-18,3.8999192E-16
4007.4385,1.5703635E-17,4.6436373E-18,4.0168372E-16
4012.9595,1.5499748E-17,4.6063724E-18,3.9827778E-16
4018.4802,1.0720284E-17,4.5913553E-18,4.062318E-16
4024.0012,3.0422406E-18,4.530779E-18,4.0926747E-16
4029.522,1.9360123E-17,4.5540193E-18,3.939517E-16
4035.043,1.6490107E-17,4.500248E-18,3.9077222E-16
4040.5637,1.4021816E-17,4.472923E-18,3.9207953E-16
4046.0847,7.131249E-18,4.4117194E-18,3.9273866E-16
4051.6055,2.3822E-17,4.4010893E-18,3.7004966E-16
4057.1265,1.5879304E-17,4.3546485E-18,3.7509454E-16
4062.6472,1.8253673E-17,4.3538296E-18,3.744227E-16
4068.1682,1.3622963E-17,4.3293376E-18,3.787041E-16
4073.689,2.0836921E-17,4.3574067E-18,3.7729614E-16
4079.21,2.1826317E-17,4.3720764E-18,3.8150462E-16
4084.7307,5.9174975E-18,4.311157E-18,3.9457402E-16
4090.2517,1.3229781E-17,4.311669E-18,3.8715451E-16
4095.7725,1.936642E-17,4.225804E-18,3.623943E-16
4101.2935,1.8449632E-17,4.136065E-18,3.4793125E-16
4106.8145,1.8171102E-17,4.2028637E-18,3.6500338E-16
4112.335,1.238884E-17,4.236096E-18,3.8255939E-16
4117.856,1.8131842E-17,4.265936E-18,3.8240899E-16
4123.377,1.3720745E-17,4.281739E-18,3.9502374E-16
4128.898,2.2060105E-17,4.26268E-18,3.8144707E-16
4134.4185,1.1811977E-17,4.188264E-18,3.8279555E-16
4139.9395,2.301704E-17,4.2197126E-18,3.7492646E-16
4145.4604,2.5234192E-17,4.1852684E-18,3.6731793E-16
4150.9814,1.7610602E-17,4.147499E-18,3.7252692E-16
4156.502,7.178935E-18,4.1604964E-18,3.9287572E-16
4162.023,1.734086E-17,4.2110644E-18,3.9068283E-16
4167.544,1.2646303E-17,4.173156E-18,3.9198647E-16
4173.065,1.8884313E-17,4.1165975E-18,3.722206E-16
4178.5854,1.4107471E-17,4.069388E-18,3.71535E-16
4184.1064,2.4069826E-17,4.0531536E-18,3.550323E-16
4189.6274,1.29931066E-17,3.9709752E-18,3.564039E-16
4195.1484,1.5902862E-17,3.9640385E-18,3.5225684E-16
4200.669,2.3949665E-17,3.99971E-18,3.497903E-16
4206.19,2.4289068E-17,4.0111378E-18,3.5356323E-16
4211.711,2.0970713E-17,4.0022174E-18,3.5869212E-16
4217.232,2.3728882E-17,3.987157E-18,3.5331338E-16
4222.7524,1.7452015E-17,3.9010198E-18,3.4626657E-16
4228.2734,8.086107E-18,3.803404E-18,3.4235915E-16
4233.7944,1.8471348E-17,3.844818E-18,3.367394E-16
4239.3154,9.645263E-18,3.809775E-18,3.4383132E-16
4244.836,2.232695E-17,3.871457E-18,3.3913754E-16
4250.357,1.18462976E-17,3.800119E-18,3.4138326E-16
4255.878,2.233681E-17,3.8268307E-18,3.3170784E-16
4261.399,2.1643604E-17,3.82725E-18,3.3353127E-16
4266.92,1.7915859E-17,3.789161E-18,3.3246303E-16
4272.4404,9.888256E-18,3.7222023E-18,3.3248923E-16
4277.9614,2.3750635E-17,3.74461E-18,3.1649105E-16
4283.4824,1.970118E-17,3.7312943E-18,3.2064909E-16
4289.0034,1.8393671E-17,3.6643328E-18,3.0950512E-16
4294.524,1.2811314E-17,3.5079018E-18,2.8726013E-16
4300.045,1.6144572E-17,3.4203941E-18,2.6568155E-16
4305.566,1.8512454E-17,3.4075817E-18,2.603061E-16
4311.087,1.8171403E-17,3.492064E-18,2.781408E-16
4316.6074,1.8932981E-17,3.6159485E-18,3.0260392E-16
4322.1284,2.1776698E-17,3.74196E-18,3.256807E-16
4327.6494,1.7041964E-17,3.746162E-18,3.3430744E-16
4333.1704,2.2994144E-17,3.697919E-18,3.1538613E-16
4338.691,2.0862827E-17,3.6850735E-18,3.1629518E-16
4344.212,1.8361504E-17,3.680148E-18,3.1985775E-16
4349.733,1.5710512E-17,3.665601E-18,3.2094433E-16
4355.254,1.2706795E-17,3.7346576E-18,3.409798E-16
4360.7744,9.1983146E-18,3.7839683E-18,3.5702897E-16
4366.2954,1.2028818E-17,3.792744E-18,3.5485013E-16
4371.8164,2.0769332E-17,3.7901474E-18,3.4096655E-16
4377.3374,1.8176952E-17,3.704933E-18,3.2671061E-16
4382.858,1.8801546E-17,3.657016E-18,3.159299E-16
4388.379,1.8396075E-17,3.6570466E-18,3.16558E-16
4393.9,1.153105E-17,3.6291714E-18,3.2178533E-16
4399.421,1.5625041E-17,3.6940443E-18,3.2903633E-16
4404.9414,1.7539223E-17,3.7705316E-18,3.4247953E-16
4410.4624,2.1378662E-17,3.8042963E-18,3.447721E-16
4415.9834,2.1464131E-17,3.8332823E-18,3.5062693E-16
4421.5044,1.589936E-17,3.842532E-18,3.62359E-16
4427.025,2.5112616E-17,3.8453517E-18,3.4918396E-16
4432.546,2.8320868E-17,3.881605E-18,3.524256E-16
4438.067,1.1770912E-17,3.815213E-18,3.6257687E-16
4443.588,8.7789506E-18,3.7765543E-18,3.5857313E-16
4449.1084,1.719359E-17,3.8096423E-18,3.534844E-16
4454.6294,1.7994254E-17,3.7573707E-18,3.4071487E-16
4460.1504,2.336853E-17,3.765459E-18,3.345654E-16
4465.6714,2.8920987E-17,3.8115283E-18,3.3615805E-16
4471.192,1.8136256E-17,3.7838604E-18,3.4548536E-16
4476.713,2.3438173E-17,3.8380945E-18,3.499664E-16
4482.234,2.1845691E-17,3.8548767E-18,3.558096E-16
4487.755,1.6680578E-17,3.8351646E-18,3.5913088E-16
4493.2754,2.2476911E-17,3.8616398E-18,3.5673396E-16
4498.7964,2.4484606E-17,3.8888912E-18,3.5975977E-16
4504.3174,2.0691184E-17,3.90187E-18,3.685448E-16
4509.8384,1.9869381E-17,3.908803E-18,3.7158335E-16
4515.359,2.1428812E-17,3.8920246E-18,3.6527057E-16
4520.88,3.0193624E-17,3.9007038E-18,3.5478986E-16
4526.401,1.4620053E-17,3.7723547E-18,3.490983E-16
4531.922,2.83542E-17,3.8252666E-18,3.4108005E-16
4537.4424,2.6429006E-17,3.833149E-18,3.4541472E-16
4542.9634,2.7095436E-17,3.859568E-18,3.5074742E-16
4548.4844,2.669231E-17,3.837806E-18,3.4624888E-16
4554.0054,1.4001248E-17,3.7707864E-18,3.5025882E-16
4559.5264,1.9308968E-17,3.775948E-18,3.4355635E-16
4565.047,2.2142424E-17,3.8107222E-18,3.4725328E-16
4570.568,4.2027935E-17,3.8702958E-18,3.3222392E-16
4576.089,2.7831703E-17,3.8368673E-18,3.4583334E-16
4581.61,2.6975165E-17,4.2430523E-18,3.430245E-16
4587.1304,2.779392E-17,4.816308E-18,3.4252948E-16
4592.6514,3.0410782E-17,4.299653E-18,3.3701358E-16
4598.1724,3.0748828E-17,3.80586E-18,3.3621925E-16
4603.6934,2.6034023E-17,3.7918654E-18,3.4024781E-16
4609.214,2.5528817E-17,3.7650366E-18,3.3547468E-16
4614.735,1.4410433E-17,3.7521876E-18,3.4938524E-16
4620.256,2.2450896E-17,3.7885617E-18,3.4609449E-16
4625.777,2.7860757E-17,3.8054572E-18,3.4264126E-16
4631.2974,2.2903167E-17,3.7778306E-18,3.4414374E-16
4636.8184,2.831589E-17,3.786977E-18,3.3903394E-16
4642.3394,2.3620286E-17,3.700469E-18,3.275484E-16
4647.8604,1.7316512E-17,3.653407E-18,3.2736235E-16
4653.381,2.0199309E-17,3.665322E-18,3.2605718E-16
4658.902,2.5027592E-17,3.6946866E-18,3.2626934E-16
4664.423,2.3583449E-17,3.6599053E-18,3.212139E-16
4669.944,2.1072595E-17,3.659597E-18,3.2565862E-16
4675.4644,1.8912591E-17,3.638722E-18,3.2558353E-16
4680.9854,2.4468894E-17,3.653556E-18,3.2126853E-16
4686.5063,3.1843658E-17,3.710479E-18,3.2348516E-16
4692.0273,2.555485E-17,3.658458E-18,3.222371E-16
4697.548,3.0494453E-17,3.6608698E-18,3.1621466E-16
4703.069,2.6841925E-17,3.6109114E-18,3.1161577E-16
4708.59,2.2487242E-17,3.572614E-18,3.1093867E-16
4714.111,2.7360483E-17,3.615283E-18,3.1343152E-16
4719.6313,2.5878183E-17,3.6145386E-18,3.1697373E-16
4725.1523,2.4349712E-17,3.6145208E-18,3.199948E-16
4730.6733,2.926038E-17,3.6043423E-18,3.0913696E-16
4736.1943,2.4314546E-17,3.5821412E-18,3.1507738E-16
4741.715,1.8021291E-17,3.5567306E-18,3.1991344E-16
4747.236,3.05191E-17,3.613182E-18,3.1456572E-16
4752.757,2.5572188E-17,3.603172E-18,3.2076685E-16
4758.278,2.3822603E-17,3.5548323E-18,3.1395226E-16
4763.7983,3.38988E-17,3.572986E-18,3.0370395E-16
4769.3193,3.1261647E-17,3.584049E-18,3.1085437E-16
4774.8403,2.7103597E-17,3.5629423E-18,3.1376856E-16
4780.3613,3.0770133E-17,3.568437E-18,3.1050595E-16
4785.882,2.4780925E-17,3.5404666E-18,3.1444105E-16
4791.403,2.3633753E-17,3.520686E-18,3.128604E-16
4796.924,2.3726344E-17,3.53374E-18,3.1705126E-16
4802.445,2.8115604E-17,3.557948E-18,3.1650058E-16
4807.9653,2.0460475E-17,3.529283E-18,3.2263604E-16
4813.4863,2.8776664E-17,3.5420155E-18,3.134482E-16
4819.0073,3.2116333E-17,3.5817814E-18,3.1822308E-16
4824.5283,2.2654776E-17,3.5039325E-18,3.172689E-16
4830.0493,2.3355435E-17,3.499057E-18,3.1573643E-16
4835.57,2.785182E-17,3.4921253E-18,3.0846306E-16
4841.091,3.4810894E-17,3.5233067E-18,3.0512538E-16
4846.612,3.2626822E-17,3.480924E-18,2.99869E-16
4852.133,3.4569357E-17,3.3815733E-18,2.761138E-16
4857.6533,3.537866E-17,3.3370668E-18,2.6623752E-16
4863.1743,3.8131726E-17,3.329434E-18,2.6055168E-16
4868.6953,3.830621E-17,3.3430405E-18,2.6433127E-16
4874.2163,3.2734515E-17,3.3659317E-18,2.7858948E-16
4879.737,3.275843E-17,3.4018423E-18,2.8701592E-16
4885.258,3.9397918E-17,3.4373356E-18,2.8527638E-16
4890.779,4.3195752E-17,3.4576441E-18,2.8431953E-16
4896.3,4.130112E-17,3.4790944E-18,2.9272135E-16
4901.8203,4.1551466E-17,3.4962253E-18,2.9687097E-16
4907.3413,4.9138234E-17,3.4876553E-18,2.8391906E-16
4912.8623,3.6548492E-17,3.4161405E-18,2.8785472E-16
4918.3833,4.6602267E-17,3.4492857E-18,2.797638E-16
4923.904,4.36985E-17,3.4260801E-18,2.7963948E-16
4929.425,3.6508844E-17,3.3952522E-18,2.8492277E-16
4934.946,4.3279737E-17,3.457853E-18,2.8864493E-16
4940.467,4.2120665E-17,3.4650002E-18,2.921196E-16
4945.9873,4.138023E-17,3.448048E-18,2.8969676E-16
4951.5083,4.3756352E-17,3.4696025E-18,2.9094375E-16
4957.0293,4.0401136E-17,3.4517323E-18,2.9248577E-16
4962.5503,4.002922E-17,3.4265465E-18,2.8853103E-16
4968.071,4.5797358E-17,3.457754E-18,2.8578828E-16
4973.592,3.6005988E-17,3.3924691E-18,2.8646895E-16
4979.113,4.6285156E-17,3.4537272E-18,2.8412833E-16
4984.634,5.1805614E-17,3.4610937E-18,2.771329E-16
4990.1543,4.9058295E-17,3.4262584E-18,2.7400619E-16
4995.6753,4.378241E-17,3.403893E-18,2.7719143E-16
5001.1963,4.8297438E-17,3.418324E-18,2.732599E-16
5006.7173,5.2239334E-17,3.4054252E-18,2.6421078E-16
5012.238,4.293823E-17,3.3365364E-18,2.636289E-16
5017.759,4.7346068E-17,3.3545505E-18,2.6119968E-16
5023.28,4.1313162E-17,3.3395403E-18,2.673299E-16
5028.801,4.6038742E-17,3.3691161E-18,2.6645383E-16
5034.3213,4.351475E-17,3.3522654E-18,2.667474E-16
5039.8423,4.757958E-17,3.3732256E-18,2.648858E-16
5045.3633,4.677914E-17,3.3679542E-18,2.652592E-16
5050.8843,4.7566353E-17,3.3897715E-18,2.6846487E-16
5056.405,4.6838444E-17,3.3904086E-18,2.6948046E-16
5061.926,4.749191E-17,3.3883568E-18,2.6833792E-16
5067.447,5.0161013E-17,3.3605978E-18,2.5789226E-16
5072.968,4.9375086E-17,3.360536E-18,2.586584E-16
5078.4883,4.4738093E-17,3.349297E-18,2.6344358E-16
5084.0093,3.8988483E-17,3.3497384E-18,2.724353E-16
5089.5303,3.7655217E-17,3.354624E-18,2.7540787E-16
5095.0513,3.7608283E-17,3.3370093E-18,2.7164037E-16
5100.572,4.130283E-17,3.33372E-18,2.646521E-16
5106.093,4.456882E-17,3.3504047E-18,2.630446E-16
5111.614,4.5824135E-17,3.3715863E-18,2.6583917E-16
5117.135,4.6995403E-17,3.3626784E-18,2.6187744E-16
5122.656,4.2733507E-17,3.3342619E-18,2.623208E-16
5128.1763,5.014576E-17,3.352615E-18,2.546536E-16
5133.6973,5.789905E-17,3.3748659E-18,2.4737547E-16
5139.2183,5.319415E-17,3.3470521E-18,2.4855565E-16
5144.7393,5.0629727E-17,3.3625812E-18,2.5615039E-16
5150.26,5.3254503E-17,3.3681291E-18,2.5276273E-16
5155.781,5.147699E-17,3.3497988E-18,2.5160015E-16
5161.302,4.6882357E-17,3.283853E-18,2.443995E-16
5166.8228,5.2969874E-17,3.2570638E-18,2.2915944E-16
5172.3433,4.5681774E-17,3.1818956E-18,2.2453655E-16
5177.8643,5.5090348E-17,3.2353203E-18,2.210859E-16
5183.3853,5.2893495E-17,3.2741378E-18,2.3321175E-16
5188.9062,5.4209305E-17,3.3205482E-18,2.4071318E-16
5194.427,4.7269987E-17,3.3215748E-18,2.5175646E-16
5199.9478,4.718239E-17,3.3202445E-18,2.515837E-16
5205.4688,4.3471173E-17,3.3099357E-18,2.5578934E-16
5210.9897,5.3031614E-17,3.3615894E-18,2.5205279E-16
5216.5103,4.9020096E-17,3.325019E-18,2.5018582E-16
5222.0312,5.0845015E-17,3.324672E-18,2.47296E-16
5227.5522,4.4014105E-17,3.2849977E-18,2.49796E-16
5233.073,3.6134402E-17,3.232896E-18,2.5114127E-16
5238.5938,4.7254846E-17,3.3060726E-18,2.4949332E-16
5244.1147,4.397884E-17,3.3333598E-18,2.6066592E-16
5249.6357,4.3428455E-17,3.2851604E-18,2.509103E-16
5255.1567,5.1864393E-17,3.3241171E-18,2.462462E-16
5260.6772,5.101671E-17,3.299358E-18,2.4273508E-16
5266.198,5.3347607E-17,3.2526208E-18,2.2906338E-16
5271.719,4.3523028E-17,3.2011848E-18,2.3368747E-16
5277.24,4.787339E-17,3.2692113E-18,2.4102518E-16
5282.7607,5.2704944E-17,3.3228085E-18,2.4546062E-16
5288.2817,4.296294E-17,3.2862852E-18,2.529842E-16
5293.8027,4.592008E-17,3.2751615E-18,2.463613E-16
5299.3237,4.1218407E-17,3.2880853E-18,2.5688805E-16
5304.844,4.994706E-17,3.3115874E-18,2.483885E-16
5310.365,5.1312277E-17,3.344853E-18,2.5386697E-16
5315.886,5.2588315E-17,3.3326631E-18,2.492481E-16
5321.407,4.484371E-17,3.2303398E-18,2.3970302E-16
5326.9277,4.6032214E-17,3.2542168E-18,2.4322678E-16
5332.4487,4.6373734E-17,3.2394072E-18,2.3918458E-16
5337.9697,4.856855E-17,3.274519E-18,2.4376282E-16
5343.4907,4.9413626E-17,3.2953792E-18,2.4721962E-16
5349.011,5.611765E-17,3.3287348E-18,2.442392E-16
5354.532,4.4590097E-17,3.2815026E-18,2.525717E-16
5360.053,4.3927645E-17,3.2589491E-18,2.4865039E-16
5365.574,4.965004E-17,3.2609662E-18,2.403613E-16
5371.0947,5.2839123E-17,3.2814704E-18,2.398802E-16
5376.6157,4.9344606E-17,3.2841147E-18,2.4653516E-16
5382.1367,5.4360523E-17,3.3068144E-18,2.4345646E-16
5387.6577,5.1086668E-17,3.265268E-18,2.4035423E-16
5393.1787,5.8210606E-17,3.2984404E-18,2.3621147E-16
5398.699,5.622098E-17,3.2585982E-18,2.3100132E-16
5404.22,5.4157245E-17,3.2651484E-18,2.3582956E-16
5409.741,5.8907105E-17,3.3136539E-18,2.3909797E-16
5415.262,7.1407035E-17,3.3787447E-18,2.3394764E-16
5420.7827,7.2375326E-17,3.3835533E-18,2.3386008E-16
5426.3037,6.9063625E-17,3.3882197E-18,2.4066676E-16
5431.8247,7.632074E-17,3.4335905E-18,2.3955608E-16
5437.3457,7.493579E-17,3.4864757E-18,2.3514453E-16
5442.866,7.411624E-17,3.4024687E-18,2.3582543E-16
5448.387,8.1428414E-17,3.4659434E-18,2.3888288E-16
5453.908,7.6937366E-17,3.4438203E-18,2.4113458E-16
5459.429,7.945508E-17,3.4522768E-18,2.3940743E-16
5464.9497,8.2875226E-17,3.455449E-18,2.3457185E-16
5470.4707,7.452657E-17,3.4318613E-18,2.4313853E-16
5475.9917,8.5072065E-17,3.4634685E-18,2.3311413E-16
5481.5127,8.4850586E-17,3.4707543E-18,2.351718E-16
5487.033,8.4445975E-17,3.4872996E-18,2.3975387E-16
5492.554,9.136982E-17,3.5152434E-18,2.3517264E-16
5498.075,8.333411E-17,3.4824924E-18,2.402939E-16
5503.596,8.9108415E-17,3.477274E-18,2.2981542E-16
5509.1167,9.143786E-17,3.513084E-18,2.3448167E-16
5514.6377,8.174916E-17,3.470603E-18,2.4003924E-16
5520.1587,8.489625E-17,3.490406E-18,2.3959545E-16
5525.6797,7.452837E-17,3.4488702E-18,2.4652695E-16
5531.2,7.498534E-17,3.441762E-18,2.4423592E-16
5536.721,7.33479E-17,3.4288944E-18,2.4355704E-16
5542.242,7.793565E-17,3.4400785E-18,2.3898016E-16
5547.763,7.730163E-17,3.4465136E-18,2.4143406E-16
5553.2837,8.476008E-17,3.507139E-18,2.4342438E-16
5558.8047,8.680132E-17,3.5409336E-18,2.4824188E-16
5564.3257,8.7157957E-17,4.0474816E-18,3.784348E-16
5569.8467,9.117748E-17,4.8070547E-18,6.016918E-16
5575.367,7.937133E-17,4.823793E-18,6.2694996E-16
5580.888,8.4385254E-17,4.770957E-18,6.0087697E-16
5586.409,7.19958E-17,4.0852837E-18,4.1383221E-16
5591.93,7.37146E-17,3.4005858E-18,2.355421E-16
5597.4507,7.059542E-17,3.406711E-18,2.4190427E-16
5602.9717,7.1902615E-17,3.4237502E-18,2.43475E-16
5608.4927,8.269802E-17,3.488465E-18,2.4060156E-16
5614.0137,8.087016E-17,3.4785484E-18,2.4172134E-16
5619.534,8.680343E-17,3.4904164E-18,2.3429035E-16
5625.055,7.490274E-17,3.444101E-18,2.4233152E-16
5630.576,7.169239E-17,3.4344694E-18,2.450843E-16
5636.097,7.7956194E-17,3.4622848E-18,2.4089884E-16
5641.6177,6.975798E-17,3.4298358E-18,2.4646134E-16
5647.1387,7.1541806E-17,3.4188624E-18,2.407389E-16
5652.6597,7.315284E-17,3.4288884E-18,2.4026187E-16
5658.1807,7.146975E-17,3.403269E-18,2.366733E-16
5663.701,7.9155004E-17,3.448993E-18,2.3440004E-16
5669.222,8.070285E-17,3.484672E-18,2.3990167E-16
5674.743,8.367488E-17,3.5071345E-18,2.401139E-16
5680.264,8.414354E-17,3.518534E-18,2.4198503E-16
5685.785,7.212891E-17,3.454663E-18,2.4673858E-16
5691.3057,7.727711E-17,3.4679421E-18,2.4102121E-16
5696.8267,7.7862716E-17,3.4749647E-18,2.4140272E-16
5702.3477,7.2875214E-17,3.429142E-18,2.3866416E-16
5707.8687,7.2903874E-17,3.4258816E-18,2.3734242E-16
5713.389,7.166336E-17,3.4180023E-18,2.37457E-16
5718.91,7.3741563E-17,3.4437123E-18,2.3988243E-16
5724.431,7.502366E-17,3.4455179E-18,2.3768014E-16
5729.952,7.6065114E-17,3.4570132E-18,2.382999E-16
5735.4727,7.7275034E-17,3.474115E-18,2.3993206E-16
5740.9937,7.033575E-17,3.4203164E-18,2.385079E-16
5746.5146,8.5808084E-17,3.488501E-18,2.2877878E-16
5752.0356,7.570308E-17,3.4168906E-18,2.2850823E-16
5757.556,7.387097E-17,3.427618E-18,2.3359655E-16
5763.077,7.772892E-17,3.4625098E-18,2.351741E-16
5768.598,7.1359746E-17,3.4311446E-18,2.381502E-16
5774.119,7.4799084E-17,3.440884E-18,2.346772E-16
5779.6396,7.58797E-17,3.4439253E-18,2.3358416E-16
5785.1606,8.1871955E-17,3.7086014E-18,2.299041E-16
5790.6816,8.175915E-17,3.4717775E-18,2.296331E-16
5796.2026,7.438334E-17,3.4241594E-18,2.3047078E-16
5801.723,7.670029E-17,3.472242E-18,2.3779436E-16
5807.244,7.9739205E-17,3.5080246E-18,2.404517E-16
5812.765,7.7865807E-17,3.491791E-18,2.3962202E-16
5818.286,7.837106E-17,3.4989847E-18,2.4027725E-16
5823.8066,7.455406E-17,3.4963824E-18,2.45974E-16
5829.3276,7.6203346E-17,3.539758E-18,2.5301366E-16
5834.8486,8.4105375E-17,3.5297406E-18,2.3728739E-16
5840.3696,8.415092E-17,3.5093104E-18,2.3223597E-16
5845.89,8.211291E-17,3.5164097E-18,2.3694931E-16
5851.411,8.044545E-17,3.5237675E-18,2.4087349E-16
5856.932,8.525184E-17,3.5909143E-18,2.485165E-16
5862.453,7.985559E-17,3.6081027E-18,2.6094147E-16
5867.9736,8.560935E-17,3.6384362E-18,2.5875917E-16
5873.4946,8.311373E-17,3.6648378E-18,2.6938377E-16
5879.0156,7.6309926E-17,3.8412204E-18,3.2393994E-16
5884.5366,8.245089E-17,4.062802E-18,3.7149962E-16
5890.057,8.048316E-17,4.109134E-18,3.8721386E-16
5895.578,7.912202E-17,4.0047838E-18,3.6126167E-16
5901.099,7.830507E-17,3.7744504E-18,3.0365679E-16
5906.62,8.179604E-17,3.6173183E-18,2.5994025E-16
5912.1406,7.826544E-17,3.5842232E-18,2.5699205E-16
5917.6616,7.796272E-17,3.6040416E-18,2.6187244E-16
5923.1826,8.501411E-17,3.660259E-18,2.6348956E-16
5928.7036,8.361522E-17,3.6253883E-18,2.5725317E-16
5934.224,8.4282366E-17,3.6360047E-18,2.5814462E-16
5939.745,8.61457E-17,3.650874E-18,2.586215E-16
5945.266,8.1521184E-17,3.6065286E-18,2.551366E-16
5950.787,8.5173636E-17,3.6250504E-18,2.531427E-16
5956.308,8.5995616E-17,3.631281E-18,2.525189E-16
5961.8286,8.418067E-17,3.6258226E-18,2.5333914E-16
5967.3496,8.939478E-17,3.6188304E-18,2.4305947E-16
5972.8706,9.1998975E-17,3.6305056E-18,2.4167872E-16
5978.3916,8.860937E-17,3.6086056E-18,2.4117312E-16
5983.912,8.248176E-17,3.564911E-18,2.4018768E-16
5989.433,8.430224E-17,3.5599496E-18,2.362194E-16
5994.954,9.073279E-17,3.596522E-18,2.337883E-16
6000.475,8.6243604E-17,3.5531977E-18,2.3061618E-16
6005.9956,8.830491E-17,3.564477E-18,2.2956263E-16
6011.5166,8.779576E-17,3.5462924E-18,2.2573417E-16
6017.0376,8.144831E-17,3.479777E-18,2.2066186E-16
6022.5586,8.175467E-17,3.5027025E-18,2.2495353E-16
6028.079,8.350259E-17,3.5215767E-18,2.2583415E-16
6033.6,8.3646773E-17,3.5168986E-18,2.24282E-16
6039.121,8.49023E-17,3.4931465E-18,2.1687289E-16
6044.642,8.339252E-17,3.4857077E-18,2.1738974E-16
6050.1626,7.87716E-17,3.478425E-18,2.2265026E-16
6055.6836,7.9418583E-17,3.465826E-18,2.1880772E-16
6061.2046,8.0107076E-17,3.4621965E-18,2.1623295E-16
6066.7256,7.660003E-17,3.41969E-18,2.1263744E-16
6072.246,8.0800915E-17,3.4426339E-18,2.1065197E-16
6077.767,8.044E-17,3.444746E-18,2.1174163E-16
6083.288,8.095663E-17,3.4412295E-18,2.0961424E-16
6088.809,8.206253E-17,3.4715153E-18,2.1476716E-16
6094.3296,7.918515E-17,3.4298014E-18,2.0965061E-16
6099.8506,7.30666E-17,3.3914523E-18,2.115647E-16
6105.3716,7.386242E-17,3.39209E-18,2.0966176E-16
6110.8926,7.3417084E-17,3.3823384E-18,2.0810406E-16
6116.413,7.482318E-17,3.3751448E-18,2.0427965E-16
6121.934,7.027154E-17,3.3464832E-18,2.0503188E-16
6127.455,6.7624047E-17,3.3384176E-18,2.0756729E-16
6132.976,7.668818E-17,3.3905904E-18,2.0422647E-16
6138.4966,6.906847E-17,3.3492117E-18,2.0732749E-16
6144.0176,7.015151E-17,3.359161E-18,2.0736126E-16
6149.5386,7.176331E-17,3.3730546E-18,2.0774911E-16
6155.0596,7.941699E-17,3.414152E-18,2.0424266E-16
6160.58,7.059907E-17,3.369337E-18,2.0834978E-16
6166.101,6.459815E-17,3.3124026E-18,2.0616386E-16
6171.622,6.439859E-17,3.341053E-18,2.1231263E-16
6177.143,6.787743E-17,3.342841E-18,2.072221E-16
6182.6636,6.8792654E-17,3.3282836E-18,2.0294834E-16
6188.1846,6.991901E-17,3.3421544E-18,2.0387064E-16
6193.7056,6.2265405E-17,3.3334434E-18,2.1453657E-16
6199.2266,7.415126E-17,3.3919796E-18,2.0812752E-16
6204.747,7.2409267E-17,3.3716395E-18,2.0643102E-16
6210.268,6.977286E-17,3.3720655E-18,2.107768E-16
6215.789,6.8441195E-17,3.3379654E-18,2.0564629E-16
6221.31,7.026056E-17,3.431306E-18,2.2279063E-16
6226.8306,7.269202E-17,3.4981398E-18,2.3427986E-16
6232.3516,7.579806E-17,3.539661E-18,2.3865564E-16
6237.8726,6.926149E-17,3.5249495E-18,2.457699E-16
6243.3936,7.687022E-17,3.551621E-18,2.3934539E-16
6248.9146,7.102484E-17,3.4906873E-18,2.3550338E-16
6254.435,7.416831E-17,3.5280874E-18,2.388806E-16
6259.956,7.781258E-17,3.5566405E-18,2.3961945E-16
6265.477,7.5328334E-17,3.4843598E-18,2.276942E-16
6270.998,8.3395185E-17,3.4550286E-18,2.0894119E-16
6276.5186,7.992091E-17,3.4615478E-18,2.1602698E-16
6282.0396,7.563242E-17,3.4674648E-18,2.2461998E-16
6287.5605,7.832696E-17,3.7387327E-18,2.8401248E-16
6293.0815,8.047736E-17,3.9623072E-18,3.35702E-16
6298.602,7.578226E-17,3.9544614E-18,3.414603E-16
6304.123,8.2558296E-17,3.8925337E-18,3.1440735E-16
6309.644,8.598405E-17,3.678302E-18,2.5642768E-16
6315.165,8.5267895E-17,3.5142284E-18,2.1965158E-16
6320.6855,9.3265415E-17,3.569538E-18,2.1923911E-16
6326.2065,9.1346164E-17,3.574275E-18,2.2348075E-16
6331.7275,8.457633E-17,3.531485E-18,2.250878E-16
6337.2485,8.947893E-17,3.5021764E-18,2.1022901E-16
6342.769,9.62954E-17,3.5397664E-18,2.0788309E-16
6348.29,1.0601641E-16,3.66896E-18,2.2201346E-16
6353.811,1.0224966E-16,3.6998825E-18,2.3619143E-16
6359.332,1.02959985E-16,3.7202055E-18,2.394454E-16
6364.8525,1.09851716E-16,3.7298885E-18,2.3110995E-16
6370.3735,1.0215062E-16,3.641643E-18,2.2307362E-16
6375.8945,1.1063095E-16,3.600564E-18,1.9919143E-16
6381.4155,1.05464985E-16,3.5767133E-18,2.0221151E-16
6386.936,1.1188167E-16,3.5983957E-18,1.9728675E-16
6392.457,1.1714974E-16,3.582346E-18,1.8541026E-16
6397.978,1.0521425E-16,3.515014E-18,1.8903925E-16
6403.499,1.0592592E-16,3.516854E-18,1.8875213E-16
6409.0195,1.05944135E-16,3.5267226E-18,1.9041256E-16
6414.5405,1.06371946E-16,3.5315012E-18,1.9091221E-16
6420.0615,1.06690854E-16,3.550025E-18,1.9485921E-16
6425.5825,1.1578183E-16,3.5955163E-18,1.9057903E-16
6431.103,1.1264084E-16,3.5579627E-18,1.872309E-16
6436.624,1.1802822E-16,3.593573E-18,1.8667715E-16
6442.145,1.2065466E-16,3.618174E-18,1.8789562E-16
6447.666,1.1631458E-16,3.6122444E-18,1.9346728E-16
6453.1865,1.1544438E-16,3.6519015E-18,2.0449815E-16
6458.7075,1.1419784E-16,3.706574E-18,2.2002426E-16
6464.2285,1.2193706E-16,3.7446814E-18,2.1710344E-16
6469.7495,1.3160365E-16,3.7862406E-18,2.1240552E-16
6475.27,1.1823466E-16,3.64257E-18,1.9914668E-16
6480.791,1.1283802E-16,3.549966E-18,1.8660451E-16
6486.312,1.1634928E-16,3.6163232E-18,1.957339E-16
6491.833,1.245167E-16,3.7205484E-18,2.065794E-16
6497.3535,1.2532062E-16,3.7678544E-18,2.1645992E-16
6502.8745,1.2850608E-16,3.7778633E-18,2.1307357E-16
6508.3955,1.2223198E-16,3.687851E-18,2.0169488E-16
6513.9165,1.1897798E-16,3.6056435E-18,1.8773947E-16
6519.4375,1.1928859E-16,3.634003E-18,1.9348644E-16
6524.958,1.1715072E-16,3.6678954E-18,2.0422087E-16
6530.479,1.1181953E-16,3.6551742E-18,2.0947634E-16
6536.0,1.09074226E-16,3.644577E-18,2.1133544E-16
6541.521,1.10785094E-16,3.6580487E-18,2.1099621E-16
6547.0415,1.1184793E-16,3.652835E-18,2.0838736E-16
6552.5625,1.05616545E-16,3.6062936E-18,2.0687292E-16
6558.0835,1.02617585E-16,3.5579726E-18,2.0000714E-16
6563.6045,1.0897366E-16,3.5706355E-18,1.9262088E-16
6569.125,1.07743716E-16,3.588277E-18,1.9779608E-16
6574.646,1.0275601E-16,3.54338E-18,1.9533742E-16
6580.167,1.0236085E-16,3.526378E-18,1.9163827E-16
6585.688,1.06646127E-16,3.528748E-18,1.8471041E-16
6591.2085,1.08085646E-16,3.5139654E-18,1.7844988E-16
6596.7295,1.0580944E-16,3.532272E-18,1.8592335E-16
6602.2505,1.0464437E-16,3.5105855E-18,1.822893E-16
6607.7715,9.5021585E-17,3.4370593E-18,1.8110744E-16
6613.292,9.8237465E-17,3.4362826E-18,1.7548113E-16
6618.813,8.9688064E-17,3.3674415E-18,1.7426037E-16
6624.334,8.888117E-17,3.384455E-18,1.7862492E-16
6629.855,8.657179E-17,3.3515297E-18,1.750894E-16
6635.3755,8.8286906E-17,3.3530813E-18,1.721845E-16
6640.8965,9.1265365E-17,3.375091E-18,1.7143793E-16
6646.4175,8.8097746E-17,3.3336371E-18,1.6721185E-16
6651.9385,8.450351E-17,3.3499812E-18,1.759449E-16
6657.459,9.105336E-17,3.3771621E-18,1.7089029E-16
6662.98,8.2593633E-17,3.31304E-18,1.7089393E-16
6668.501,8.150739E-17,3.3061766E-18,1.7121696E-16
6674.022,8.558201E-17,3.3399394E-18,1.7043262E-16
6679.5425,8.7136E-17,3.349658E-18,1.6969037E-16
6685.0635,9.059221E-17,3.3572523E-18,1.6566482E-16
6690.5845,8.7164395E-17,3.3241204E-18,1.6371008E-16
6696.1055,8.926628E-17,3.358886E-18,1.6714943E-16
6701.626,8.603518E-17,3.3325647E-18,1.6618396E-16
6707.147,8.73305E-17,3.3342273E-18,1.6421241E-16
6712.668,9.1729585E-17,3.3724427E-18,1.6480402E-16
6718.189,8.715206E-17,3.3518266E-18,1.6744286E-16
6723.7095,8.98539E-17,3.369178E-18,1.6621709E-16
6729.2305,8.882602E-17,3.3645369E-18,1.664611E-16
6734.7515,8.589037E-17,3.3434775E-18,1.6628211E-16
6740.2725,9.1381905E-17,3.3552367E-18,1.5969945E-16
6745.793,8.2898446E-17,3.306374E-18,1.6283445E-16
6751.314,8.1906855E-17,3.313946E-18,1.6575952E-16
6756.835,8.8350784E-17,3.3581723E-18,1.6450372E-16
6762.356,8.462192E-17,3.3245359E-18,1.6275476E-16
6767.8765,8.603786E-17,3.3379831E-18,1.631227E-16
6773.3975,7.925618E-17,3.3127514E-18,1.6803054E-16
6778.9185,8.177698E-17,3.3267085E-18,1.6639573E-16
6784.4395,8.7309E-17,3.3517724E-18,1.6226635E-16
6789.96,8.364092E-17,3.3233683E-18,1.6186539E-16
6795.481,8.5173246E-17,3.3521856E-18,1.6495552E-16
6801.002,8.1386486E-17,3.3155843E-18,1.6337385E-16
6806.523,8.1291704E-17,3.2960246E-18,1.5944621E-16
6812.044,8.454899E-17,3.3377406E-18,1.6252449E-16
6817.5645,9.368677E-17,3.528632E-18,1.8697618E-16
6823.0854,9.051563E-17,3.71623E-18,2.3272508E-16
6828.6064,9.6919826E-17,3.851432E-18,2.532141E-16
6834.1274,8.467812E-17,3.7635473E-18,2.5251807E-16
6839.648,9.258347E-17,3.637615E-18,2.1110307E-16
6845.169,8.127064E-17,3.3929408E-18,1.770386E-16
6850.69,8.824786E-17,3.502204E-18,1.8850414E-16
6856.211,9.738115E-17,3.703672E-18,2.1897886E-16
6861.7314,8.9585626E-17,3.6240205E-18,2.1688604E-16
6867.2524,8.5352407E-17,3.584161E-18,2.1884527E-16
6872.7734,8.13625E-17,3.3730575E-18,1.8259409E-16
6878.2944,8.062258E-17,3.2620951E-18,1.606498E-16
6883.815,9.328463E-17,3.3734326E-18,1.6252773E-16
6889.336,9.5543424E-17,3.3939204E-18,1.6194216E-16
6894.857,9.386454E-17,3.3906119E-18,1.6304503E-16
6900.378,9.62935E-17,3.461911E-18,1.7233326E-16
6905.8984,1.0270791E-16,3.558163E-18,1.8167279E-16
6911.4194,1.08268744E-16,3.6524727E-18,1.9131253E-16
6916.9404,9.8677386E-17,3.6639444E-18,2.0719485E-16
6922.4614,1.0030061E-16,3.628328E-18,1.9619338E-16
6927.982,1.03269344E-16,3.6235904E-18,1.9040708E-16
6933.503,1.0407752E-16,3.6200956E-18,1.8826623E-16
6939.024,1.0346114E-16,3.6617147E-18,1.9836192E-16
6944.545,9.5557486E-17,3.661687E-18,2.1019416E-16
6950.0654,9.8713994E-17,3.66235E-18,2.0504726E-16
6955.5864,9.7709856E-17,3.603811E-18,1.9339738E-16
6961.1074,9.7184113E-17,3.508784E-18,1.7274972E-16
6966.6284,9.77054E-17,3.564422E-18,1.8244687E-16
6972.149,9.291256E-17,3.5915463E-18,1.9473432E-16
6977.67,9.8505796E-17,3.5917597E-18,1.8546129E-16
6983.191,9.608034E-17,3.5399844E-18,1.789726E-16
6988.712,9.611822E-17,3.4533111E-18,1.6110084E-16
6994.2324,9.477215E-17,3.4322156E-18,1.5870535E-16
6999.7534,9.080002E-17,3.44464E-18,1.6729484E-16
7005.2744,8.850364E-17,3.4508625E-18,1.7173392E-16
7010.7954,9.5360094E-17,3.458377E-18,1.6190521E-16
7016.316,9.2443846E-17,3.4207637E-18,1.5843718E-16
7021.837,9.26837E-17,3.3632097E-18,1.4655756E-16
7027.358,9.0512584E-17,3.3425597E-18,1.4526226E-16
7032.879,8.7802674E-17,3.3914877E-18,1.5871987E-16
7038.3994,8.5849846E-17,3.4042616E-18,1.6368474E-16
7043.9204,8.59568E-17,3.4038402E-18,1.6304124E-16
7049.4414,8.325725E-17,3.410662E-18,1.6853346E-16
7054.9624,8.502513E-17,3.4250234E-18,1.6809828E-16
7060.483,8.951928E-17,3.411344E-18,1.579219E-16
7066.004,9.193385E-17,3.4160396E-18,1.5455126E-16
7071.525,8.622755E-17,3.404525E-18,1.6098029E-16
7077.046,8.341127E-17,3.3764687E-18,1.5933404E-16
7082.567,9.024604E-17,3.4297305E-18,1.5887266E-16
7088.0874,9.1530526E-17,3.4336249E-18,1.5720745E-16
7093.6084,9.1106884E-17,3.4110298E-18,1.5268249E-16
7099.1294,8.504487E-17,3.3375143E-18,1.4779873E-16
7104.6504,8.948924E-17,3.3569704E-18,1.4386272E-16
7110.171,9.0625445E-17,3.3929753E-18,1.4886653E-16
7115.692,8.991239E-17,3.3690766E-18,1.4540835E-16
7121.213,9.201319E-17,3.3877372E-18,1.4505463E-16
7126.734,8.9779186E-17,3.3919827E-18,1.4907538E-16
7132.2544,8.1608633E-17,3.3568164E-18,1.5528611E-16
7137.7754,8.9407636E-17,3.428115E-18,1.5634911E-16
7143.2964,9.3642E-17,3.4369921E-18,1.5102173E-16
7148.8174,9.275843E-17,3.4362931E-18,1.5250147E-16
7154.338,8.629545E-17,3.396613E-18,1.5548641E-16
7159.859,8.511333E-17,3.3607033E-18,1.5128599E-16
7165.38,7.9228544E-17,3.3044056E-18,1.5167192E-16
7170.901,8.361445E-17,3.2839134E-18,1.4392322E-16
7176.4214,8.336496E-17,3.2451437E-18,1.4000991E-16
7181.9424,8.195658E-17,3.2369467E-18,1.4274846E-16
7187.4634,8.9862235E-17,3.2702654E-18,1.3546266E-16
7192.9844,1.0239322E-16,3.298673E-18,1.2775396E-16
7198.505,9.7947945E-17,3.2980655E-18,1.3152598E-16
7204.026,9.066064E-17,3.2918517E-18,1.3775739E-16
7209.547,9.0603865E-17,3.3207348E-18,1.3893454E-16
7215.068,9.8542576E-17,3.3901584E-18,1.3642016E-16
7220.5884,1.0335037E-16,3.4309334E-18,1.3534492E-16
7226.1094,1.0077343E-16,3.5272325E-18,1.5915077E-16
7231.6304,9.681538E-17,3.8737795E-18,2.4210788E-16
7237.1514,9.7162474E-17,4.231129E-18,3.2685546E-16
7242.672,1.09898766E-16,4.4058654E-18,3.5144048E-16
7248.193,1.0862144E-16,4.3559468E-18,3.3940896E-16
7253.714,1.1123775E-16,3.9756348E-18,2.429951E-16
7259.235,1.08502234E-16,3.6339397E-18,1.7111001E-16
7264.7554,1.1268238E-16,3.8471914E-18,2.0920672E-16
7270.2764,1.2297833E-16,4.3163608E-18,2.973732E-16
7275.7974,1.2261256E-16,4.4656896E-18,3.4022217E-16
7281.3184,1.1181747E-16,4.448778E-18,3.5091254E-16
7286.839,1.0746673E-16,4.1475754E-18,2.8178722E-16
7292.36,1.1182213E-16,3.9006066E-18,2.1698022E-16
7297.881,1.061327E-16,3.797062E-18,2.0134867E-16
7303.402,1.126521E-16,3.92303E-18,2.1859059E-16
7308.9224,1.10843486E-16,4.1673103E-18,2.7513899E-16
7314.4434,1.09253916E-16,4.150793E-18,2.7175737E-16
7319.9644,1.09312606E-16,4.2404686E-18,2.8991466E-16
7325.4854,1.2194416E-16,4.1942937E-18,2.563222E-16
7331.006,1.269702E-16,4.3587377E-18,2.8588238E-16
7336.527,1.2306563E-16,4.4629194E-18,3.1650635E-16
7342.048,1.1167122E-16,4.2994722E-18,2.9262344E-16
7347.569,1.1281985E-16,4.2953533E-18,2.885071E-16
7353.0894,1.2083767E-16,4.150491E-18,2.4088638E-16
7358.6104,1.3107687E-16,4.179565E-18,2.3046806E-16
7364.1313,1.3096291E-16,4.4189614E-18,2.867017E-16
7369.6523,1.1696577E-16,4.2891027E-18,2.7644736E-16
7375.1733,1.1846522E-16,4.1369437E-18,2.367152E-16
7380.694,1.3032982E-16,4.040366E-18,1.9505579E-16
7386.215,1.340753E-16,3.9579426E-18,1.6980957E-16
7391.736,1.2830576E-16,4.030954E-18,1.9434125E-16
7397.257,1.2868117E-16,4.1693104E-18,2.2403413E-16
7402.7773,1.1878734E-16,4.0696943E-18,2.1526858E-16
7408.2983,1.2226603E-16,4.0089623E-18,1.9531783E-16
7413.8193,1.2990905E-16,3.9046118E-18,1.5910265E-16
7419.3403,1.3070686E-16,3.854298E-18,1.4683691E-16
7424.861,1.1670122E-16,3.835857E-18,1.6401024E-16
7430.382,1.147586E-16,3.9417592E-18,1.8913572E-16
7435.903,1.1582035E-16,3.947616E-18,1.8667324E-16
7441.424,1.1442056E-16,3.893189E-18,1.7740605E-16
7446.9443,1.2026024E-16,3.8843516E-18,1.6465018E-16
7452.4653,1.2200354E-16,3.842834E-18,1.5218311E-16
7457.9863,1.2060068E-16,3.8855974E-18,1.6222063E-16
7463.5073,1.1152433E-16,3.9146194E-18,1.8167854E-16
7469.028,1.0835283E-16,4.016826E-18,2.0757338E-16
7474.549,1.09795025E-16,4.174161E-18,2.385003E-16
7480.07,1.204796E-16,4.238404E-18,2.3417438E-16
7485.591,1.2230412E-16,4.1716406E-18,2.1489946E-16
7491.1113,1.2166776E-16,4.0366095E-18,1.8548709E-16
7496.6323,1.1326094E-16,3.861503E-18,1.6155557E-16
7502.1533,1.07363345E-16,3.739312E-18,1.458211E-16
7507.6743,1.0992553E-16,3.7530934E-18,1.4326218E-16
7513.195,1.2012544E-16,4.0419093E-18,1.8536894E-16
7518.716,1.3149971E-16,4.3900402E-18,2.4240368E-16
7524.237,1.2663762E-16,4.463552E-18,2.65995E-16
7529.758,1.2628425E-16,4.457618E-18,2.6446439E-16
7535.2783,1.215642E-16,4.2548343E-18,2.2424806E-16
7540.7993,1.1722636E-16,3.942778E-18,1.63787E-16
7546.3203,1.1763862E-16,3.956121E-18,1.6511544E-16
7551.8413,1.2399547E-16,4.0062727E-18,1.6395178E-16
7557.362,1.3102066E-16,4.0470738E-18,1.5993147E-16
7562.883,1.1402842E-16,4.1196597E-18,2.0112767E-16
7568.404,1.0568585E-16,4.1541465E-18,2.214967E-16
7573.925,1.0179105E-16,4.114247E-18,2.1903127E-16
7579.4453,1.1170776E-16,4.2092616E-18,2.2277964E-16
7584.9663,1.2122884E-16,4.013359E-18,1.7082959E-16
7590.4873,1.2398645E-16,3.8725813E-18,1.505383E-16
7596.0083,1.074352E-16,3.56297E-18,1.3255692E-16
7601.529,7.959132E-17,3.070788E-18,9.7212363E-17
7607.05,5.507426E-17,2.7993405E-18,8.8300326E-17
7612.571,6.077575E-17,2.9101194E-18,9.442469E-17
7618.092,8.069069E-17,3.2134077E-18,1.1256675E-16
7623.6123,1.0800353E-16,3.51339E-18,1.2485999E-16
7629.1333,9.7203833E-17,3.4130793E-18,1.2006753E-16
7634.6543,8.1732055E-17,3.2353846E-18,1.0839878E-16
7640.1753,8.314707E-17,3.2154698E-18,1.0016467E-16
7645.6963,8.378573E-17,3.25783E-18,1.0092264E-16
7651.217,9.415433E-17,3.4537595E-18,1.1367825E-16
7656.738,1.0272952E-16,3.6855165E-18,1.3564934E-16
7662.259,1.0576051E-16,3.7932935E-18,1.4485911E-16
7667.78,9.9845015E-17,3.7585784E-18,1.422179E-16
7673.3003,9.7687906E-17,3.753749E-18,1.4091173E-16
7678.8213,1.0442445E-16,3.794587E-18,1.3530547E-16
7684.3423,1.1211348E-16,3.9243078E-18,1.4394878E-16
7689.8633,1.1635526E-16,3.998346E-18,1.491992E-16
7695.384,1.1144896E-16,3.9598145E-18,1.4781057E-16
7700.905,9.716949E-17,4.021482E-18,1.8102195E-16
7706.426,1.0089657E-16,4.6115046E-18,2.9668978E-16
7711.947,1.0737604E-16,5.0982934E-18,3.9926785E-16
7717.4673,1.2183375E-16,5.3221847E-18,4.3026735E-16
7722.9883,1.2434812E-16,5.2702837E-18,4.0959043E-16
7728.5093,1.1723031E-16,4.6670556E-18,2.755817E-16
7734.0303,1.1352509E-16,4.243455E-18,1.9043431E-16
7739.551,1.0525587E-16,4.277359E-18,2.1017231E-16
7745.072,1.01736704E-16,4.7537925E-18,3.1621974E-16
7750.593,1.2148308E-16,5.154736E-18,3.7620442E-16
7756.114,1.2422491E-16,5.347539E-18,4.178356E-16
7761.6343,1.2290672E-16,5.0284512E-18,3.3921772E-16
7767.1553,1.1051053E-16,4.5814957E-18,2.5694107E-16
7772.6763,9.727518E-17,4.3748586E-18,2.34218E-16
7778.1973,9.55839E-17,4.2910114E-18,2.1865087E-16
7783.718,1.0662268E-16,4.627924E-18,2.6892018E-16
7789.239,1.1473411E-16,4.9668833E-18,3.2991814E-16
7794.76,1.1682693E-16,4.9208917E-18,3.1367692E-16
7800.281,1.07057374E-16,4.8888554E-18,3.214904E-16
7805.8013,9.7081675E-17,4.7249975E-18,2.9933197E-16
7811.3223,9.4486E-17,4.5586763E-18,2.6658382E-16
7816.8433,9.353602E-17,4.9815463E-18,3.595101E-16
7822.3643,1.1008819E-16,5.044939E-18,3.4502627E-16
7827.885,1.1636929E-16,4.99061E-18,3.1991182E-16
7833.406,1.1108321E-16,4.7187684E-18,2.667758E-16
7838.927,1.03882536E-16,4.3714212E-18,2.0619919E-16
7844.4478,9.2369975E-17,4.6931478E-18,2.9005076E-16
7849.9683,9.510545E-17,5.2204415E-18,4.0103283E-16
7855.4893,1.0723115E-16,5.4477606E-18,4.336236E-16
7861.0103,1.0530576E-16,5.6549557E-18,4.862446E-16
7866.5312,1.1236121E-16,5.438173E-18,4.1897545E-16
7872.052,1.0718176E-16,5.135803E-18,3.5479362E-16
7877.5728,9.6814225E-17,4.9748317E-18,3.3349675E-16
7883.0938,9.1163714E-17,4.8904477E-18,3.2308542E-16
7888.6147,1.02821826E-16,4.8827156E-18,3.0072433E-16
7894.1353,1.04196315E-16,4.734302E-18,2.6566085E-16
7899.6562,1.03528E-16,4.545045E-18,2.2658475E-16
7905.1772,9.45681E-17,4.8403264E-18,3.0016494E-16
7910.698,9.215659E-17,5.3573436E-18,4.1703919E-16
7916.2188,8.845398E-17,5.6138573E-18,4.824235E-16
7921.7397,9.2929507E-17,5.7242677E-18,4.9962694E-16
7927.2607,1.03450324E-16,5.457629E-18,4.1553692E-16
7932.7817,1.1032901E-16,4.888204E-18,2.750098E-16
7938.3027,1.0666219E-16,4.642263E-18,2.288918E-16
7943.823,9.079398E-17,4.465938E-18,2.1899766E-16
7949.344,8.631941E-17,4.290602E-18,1.9257168E-16
7954.865,9.389991E-17,4.6168647E-18,2.401655E-16
7960.386,1.03215425E-16,5.2249145E-18,3.5110503E-16
7965.9067,1.0893022E-16,5.259463E-18,3.4764757E-16
7971.4277,1.04526804E-16,5.335337E-18,3.6873004E-16
7976.9487,9.196668E-17,5.0967445E-18,3.35398E-16
7982.4697,9.126691E-17,4.7898195E-18,2.7090538E-16
7987.99,9.228344E-17,5.281667E-18,3.7092126E-16
7993.511,9.492948E-17,5.2877806E-18,3.6610103E-16
7999.032,1.0606149E-16,5.273477E-18,3.434679E-16
8004.553,1.0496096E-16,5.0929444E-18,3.0438574E-16
8010.0737,1.0821913E-16,4.6778466E-18,2.1440146E-16
8015.5947,9.582051E-17,4.68352E-18,2.3388348E-16
8021.1157,8.236578E-17,4.9765295E-18,3.1240417E-16
8026.6367,8.7857566E-17,5.0319977E-18,3.1286927E-16
8032.157,9.46659E-17,5.0446164E-18,3.0211823E-16
8037.678,9.484932E-17,4.726392E-18,2.3662212E-16
8043.199,9.293438E-17,4.3795437E-18,1.7449845E-16
8048.72,9.431063E-17,4.341159E-18,1.6431304E-16
8054.2407,8.837396E-17,4.4603787E-18,1.9314899E-16
8059.7617,8.0157454E-17,4.559911E-18,2.2270188E-16
8065.2827,8.93622E-17,4.621051E-18,2.1738708E-16
8070.8037,1.0642176E-16,4.641643E-18,1.9196465E-16
8076.324,1.00054966E-16,4.448652E-18,1.661866E-16
8081.845,1.041432E-16,4.3228724E-18,1.3713095E-16
8087.366,1.0243171E-16,4.3089827E-18,1.3706148E-16
8092.887,8.886661E-17,4.279876E-18,1.5202637E-16
8098.4077,9.4490456E-17,4.423451E-18,1.67032E-16
8103.9287,1.035277E-16,4.544539E-18,1.7296156E-16
8109.4497,9.6509134E-17,4.4769426E-18,1.7096288E-16
8114.9707,1.08492017E-16,4.4500518E-18,1.4624026E-16
8120.491,9.350267E-17,4.220494E-18,1.3154105E-16
8126.012,1.0433186E-16,4.2604475E-18,1.2168969E-16
8131.533,1.0543189E-16,4.2781306E-18,1.2393499E-16
8137.054,1.01170184E-16,4.282174E-18,1.3219344E-16
8142.5747,1.1681969E-16,4.444249E-18,1.3636471E-16
8148.0957,1.1641895E-16,4.4770783E-18,1.4322696E-16
8153.6167,1.0656832E-16,4.362263E-18,1.3898414E-16
8159.1377,1.10478765E-16,4.3087975E-18,1.258411E-16
8164.658,1.0820422E-16,4.2057183E-18,1.1332781E-16
8170.179,1.07099124E-16,4.174599E-18,1.0780271E-16
8175.7,1.0692092E-16,4.2155705E-18,1.1254541E-16
8181.221,1.1997457E-16,4.4064006E-18,1.2253659E-16
8186.7417,1.2377201E-16,4.5052897E-18,1.2991235E-16
8192.263,1.2169754E-16,4.4803874E-18,1.2603894E-16
8197.783,1.1679949E-16,4.426185E-18,1.2061675E-16
8203.305,1.1092477E-16,4.3920735E-18,1.1881851E-16
8208.825,1.09003744E-16,4.4339706E-18,1.25488E-16
8214.347,1.1590195E-16,4.5160256E-18,1.2734971E-16
8219.867,1.2959772E-16,4.603947E-18,1.2469623E-16
8225.388,1.303453E-16,4.5229516E-18,1.1641768E-16
8230.909,1.2067897E-16,4.3992666E-18,1.11526E-16
8236.43,1.1818329E-16,4.4077767E-18,1.1227062E-16
8241.951,1.10199635E-16,4.3923435E-18,1.1472795E-16
8247.472,1.1255857E-16,4.52598E-18,1.2597254E-16
8252.992,1.2157369E-16,4.6578416E-18,1.3064136E-16
8258.514,1.1839052E-16,4.617896E-18,1.2695336E-16
8264.034,1.2035258E-16,4.583973E-18,1.1807553E-16
8269.555,1.1380318E-16,4.6572783E-18,1.395023E-16
8275.076,1.0842494E-16,5.0538283E-18,2.1604897E-16
8280.597,1.1540215E-16,5.71483E-18,3.3201815E-16
8286.118,1.2429237E-16,6.304166E-18,4.4299572E-16
8291.639,1.2484301E-16,6.81272E-18,5.5737346E-16
8297.159,1.216244E-16,6.72101E-18,5.358868E-16
8302.681,1.0312534E-16,6.1563252E-18,4.331586E-16
8308.201,8.2839306E-17,5.682021E-18,3.6263595E-16
8313.722,8.339672E-17,5.0515817E-18,2.4071933E-16
8319.243,9.414649E-17,4.790939E-18,1.7686025E-16
8324.764,1.0938827E-16,4.8166673E-18,1.5540173E-16
8330.285,1.1906066E-16,4.799147E-18,1.3487303E-16
8335.806,1.1560795E-16,5.720331E-18,3.0370567E-16
8341.326,1.0521674E-16,6.748783E-18,5.3798673E-16
8346.848,9.33998E-17,7.17383E-18,6.550847E-16
8352.368,9.11818E-17,7.3065716E-18,6.8781743E-16
8357.889,1.00319174E-16,6.7846297E-18,5.4289343E-16
8363.41,1.1893761E-16,5.862517E-18,3.1112208E-16
8368.931,1.2773557E-16,5.5122543E-18,2.2681806E-16
8374.452,1.3088769E-16,5.4786228E-18,2.136651E-16
8379.973,1.2309693E-16,5.482326E-18,2.2382933E-16
8385.493,1.0721705E-16,5.41185E-18,2.34537E-16
8391.015,1.0520413E-16,6.0951837E-18,3.6689764E-16
8396.535,1.3378168E-16,6.7979403E-18,4.650856E-16
8402.056,1.3844109E-16,6.8967573E-18,4.7698183E-16
8407.577,1.1820185E-16,6.979842E-18,5.261659E-16
8413.098,1.1201254E-16,6.188878E-18,3.6302953E-16
8418.619,9.836665E-17,5.7353312E-18,2.9554014E-16
8424.14,9.731978E-17,6.588329E-18,4.648503E-16
8429.66,9.64425E-17,6.8423127E-18,5.190884E-16
8435.182,1.1261761E-16,6.9320267E-18,5.0827096E-16
8440.702,1.1568591E-16,6.6641827E-18,4.4157498E-16
8446.223,1.1767884E-16,5.8815027E-18,2.789879E-16
8451.744,9.902313E-17,5.4480642E-18,2.2894371E-16
8457.265,1.0315916E-16,6.0543334E-18,3.3059992E-16
8462.786,1.02585973E-16,6.4425376E-18,4.0544664E-16
8468.307,1.0671885E-16,6.4704896E-18,4.0152424E-16
8473.827,1.1559218E-16,6.3950144E-18,3.6933098E-16
8479.349,1.1122807E-16,5.7127004E-18,2.4536424E-16
8484.869,1.1218051E-16,5.207361E-18,1.5717334E-16
8490.39,1.1143801E-16,5.294294E-18,1.7023957E-16
8495.911,8.86535E-17,5.4283012E-18,2.27949E-16
8501.432,8.422849E-17,5.760244E-18,2.9006638E-16
8506.953,1.1870901E-16,6.0178213E-18,2.7926854E-16
8512.474,1.3721905E-16,6.0094936E-18,2.4601392E-16
8517.994,1.1280787E-16,5.5051194E-18,1.9409563E-16
8523.516,1.0432744E-16,5.0043575E-18,1.2719515E-16
8529.036,1.05676664E-16,4.97476E-18,1.1938612E-16
8534.558,9.4516793E-17,4.9258142E-18,1.2805013E-16
8540.078,9.353801E-17,5.1160765E-18,1.5731711E-16
8545.599,8.4936474E-17,5.3148447E-18,1.9970115E-16
8551.12,1.0188585E-16,5.5232235E-18,2.0436241E-16
8556.641,8.9949857E-17,5.2974375E-18,1.8553518E-16
8562.161,8.544802E-17,4.9990234E-18,1.4554366E-16
8567.683,8.203162E-17,4.8013273E-18,1.2312389E-16
8573.203,7.6109186E-17,4.721292E-18,1.1895264E-16
8578.725,8.657284E-17,4.8925934E-18,1.2481173E-16
8584.245,9.541108E-17,5.0526628E-18,1.3226274E-16
8589.766,8.900826E-17,5.1260916E-18,1.5303078E-16
8595.287,1.0253768E-16,5.3327106E-18,1.6051114E-16
8600.808,9.4099167E-17,5.16601E-18,1.4674278E-16
8606.328,7.9307946E-17,5.003081E-18,1.4478976E-16
8611.85,8.500234E-17,5.122865E-18,1.5145598E-16
8617.37,8.2298165E-17,5.454475E-18,2.0481319E-16
8622.892,8.414734E-17,5.9909623E-18,2.8772314E-16
8628.412,8.219862E-17,6.363594E-18,3.5387133E-16
8633.933,8.6628237E-17,6.4045323E-18,3.5218232E-16
8639.454,8.974256E-17,6.189858E-18,3.0708727E-16
8644.975,8.1360406E-17,5.9476226E-18,2.771818E-16
8650.495,6.846519E-17,5.9002987E-18,2.8809518E-16
8656.017,6.662886E-17,6.152584E-18,3.3292476E-16
8661.537,8.199249E-17,6.522361E-18,3.7104323E-16
8667.059,8.659993E-17,6.505866E-18,3.5866313E-16
8672.579,8.966165E-17,6.188189E-18,2.948333E-16
8678.1,8.811915E-17,5.837647E-18,2.3740195E-16
8683.621,9.1611504E-17,5.551378E-18,1.8503211E-16
8689.142,7.883979E-17,5.2603426E-18,1.611217E-16
8694.662,8.177577E-17,5.1645857E-18,1.4128633E-16
8700.184,9.216934E-17,5.3682558E-18,1.5283272E-16
8705.704,8.821821E-17,5.285299E-18,1.467046E-16
8711.226,1.0200366E-16,5.3646513E-18,1.3321736E-16
8716.746,1.024781E-16,5.246577E-18,1.1432304E-16
8722.267,7.8984605E-17,4.9603995E-18,1.1136509E-16
8727.788,8.254882E-17,5.0403436E-18,1.1470838E-16
8733.309,8.666927E-17,5.1434798E-18,1.226214E-16
8738.829,9.7778036E-17,5.339488E-18,1.2878088E-16
8744.351,1.114891E-16,5.508363E-18,1.2991442E-16
8749.871,1.0883116E-16,5.8643627E-18,1.8679866E-16
8755.393,1.00756164E-16,6.734707E-18,3.4257157E-16
8760.913,9.1784914E-17,7.548486E-18,5.0971595E-16
8766.434,8.2042314E-17,8.54543E-18,7.371976E-16
8771.955,7.756204E-17,9.08266E-18,8.679101E-16
8777.476,8.5224385E-17,8.850432E-18,7.9667954E-16
8782.997,1.05801026E-16,8.365682E-18,6.474444E-16
8788.518,1.1364223E-16,7.5141385E-18,4.5361817E-16
8794.038,1.0418611E-16,6.4952538E-18,2.8069311E-16
8799.56,8.818592E-17,5.8799427E-18,2.0641578E-16
8805.08,8.795798E-17,5.5962338E-18,1.6269249E-16
8810.601,9.463209E-17,5.6073333E-18,1.5185916E-16
8816.122,1.2104013E-16,7.215645E-18,3.7270842E-16
8821.643,1.4071454E-16,9.082217E-18,7.2926244E-16
8827.164,1.3022109E-16,9.740111E-18,9.048313E-16
8832.685,1.08593747E-16,9.855223E-18,9.662228E-16
8838.205,7.6141764E-17,9.021038E-18,8.1582037E-16
8843.727,1.01829196E-16,7.762067E-18,4.975654E-16
8849.247,1.1216224E-16,6.975043E-18,3.300936E-16
8854.768,1.07249154E-16,6.607122E-18,2.729327E-16
8860.289,9.8113395E-17,6.6627086E-18,2.9592864E-16
8865.81,9.0326614E-17,6.4670548E-18,2.744859E-16
8871.331,9.11881E-17,6.657933E-18,3.0215375E-16
8876.852,7.941724E-17,7.609717E-18,4.922369E-16
8882.372,1.01643735E-16,8.493336E-18,6.3081895E-16
8887.894,1.0331633E-16,8.772975E-18,6.846427E-16
8893.414,1.146202E-16,8.84713E-18,6.8010695E-16
8898.935,1.0783087E-16,7.8423265E-18,4.7701746E-16
8904.456,9.7973674E-17,7.130379E-18,3.6062489E-16
8909.977,8.5430406E-17,8.1215264E-18,5.6657483E-16
8915.498,1.0877881E-16,8.975136E-18,7.0403817E-16
8921.019,1.06444976E-16,9.1763885E-18,7.502497E-16
8926.539,1.1701182E-16,8.9326324E-18,6.744439E-16
8932.061,1.1874186E-16,7.773122E-18,4.3304046E-16
8937.581,1.0435476E-16,6.805669E-18,2.8297311E-16
8943.102,9.3877965E-17,6.829463E-18,3.0413152E-16
8948.623,9.4747815E-17,7.839493E-18,4.8279046E-16
8954.144,1.0309048E-16,8.4743545E-18,5.941962E-16
8959.665,1.170594E-16,8.560587E-18,5.896301E-16
8965.186,1.10123634E-16,7.928225E-18,4.760221E-16
8970.706,8.9038906E-17,6.614113E-18,2.7877432E-16
8976.228,9.288083E-17,6.067477E-18,1.9089106E-16
8981.748,1.2055666E-16,6.398267E-18,2.019301E-16
8987.269,1.1989837E-16,6.861459E-18,2.7788893E-16
8992.79,1.1520225E-16,7.433781E-18,3.7950628E-16
8998.311,1.3223689E-16,7.529725E-18,3.6906078E-16
9003.832,1.1966277E-16,7.156625E-18,3.18433E-16
9009.353,9.912003E-17,6.691812E-18,2.706907E-16
9014.873,1.01384087E-16,6.090293E-18,1.734142E-16
9020.395,1.0899213E-16,5.8541284E-18,1.2849266E-16
9025.915,1.132079E-16,6.014011E-18,1.3934689E-16
9031.436,1.158838E-16,6.2247227E-18,1.5739724E-16
9036.957,1.0467293E-16,6.2712665E-18,1.75156E-16
9042.478,9.829644E-17,6.661593E-18,2.354256E-16
9047.999,9.659545E-17,6.6890014E-18,2.3860082E-16
9053.52,1.027239E-16,6.6705185E-18,2.2466376E-16
9059.04,1.1643364E-16,6.5485685E-18,1.8466458E-16
9064.562,1.1728185E-16,6.1552528E-18,1.3163068E-16
9070.082,1.0455325E-16,5.9104975E-18,1.1923802E-16
9075.604,1.0318679E-16,5.8194447E-18,1.1073178E-16
9081.124,1.1070196E-16,6.011223E-18,1.2323533E-16
9086.645,1.04849636E-16,6.1723915E-18,1.4917688E-16
9092.166,1.1947625E-16,6.3920597E-18,1.5540888E-16
9097.687,1.062265E-16,6.399897E-18,1.7086104E-16
9103.207,9.888001E-17,6.2034683E-18,1.5112694E-16
9108.729,9.386873E-17,6.1583026E-18,1.4782836E-16
9114.249,1.0311954E-16,6.167605E-18,1.3026943E-16
9119.7705,1.1610253E-16,6.1714457E-18,1.08876933E-16
9125.291,1.1947843E-16,6.1883917E-18,1.0517579E-16
9130.812,1.2303058E-16,6.116871E-18,9.152728E-17
9136.333,1.05981106E-16,6.049896E-18,1.05498595E-16
9141.854,1.07506666E-16,6.2483486E-18,1.2125062E-16
9147.374,1.1632513E-16,6.4719674E-18,1.3370955E-16
9152.8955,1.2264117E-16,6.692654E-18,1.5028458E-16
9158.416,1.1306082E-16,6.5957364E-18,1.4643484E-16
9163.9375,1.04515144E-16,6.4897596E-18,1.3750374E-16
9169.458,1.01762585E-16,6.475287E-18,1.3543547E-16
9174.979,1.10243714E-16,6.4916402E-18,1.2004893E-16
9180.5,1.3466539E-16,6.70329E-18,1.08979305E-16
9186.0205,1.2165282E-16,6.6553943E-18,1.1196914E-16
9191.541,1.1332087E-16,6.588986E-18,1.06156575E-16
9197.0625,1.1656629E-16,6.7182377E-18,1.0958048E-16
9202.583,1.0818354E-16,6.7262034E-18,1.1461939E-16
9208.1045,1.1298704E-16,6.93744E-18,1.2762742E-16
9213.625,1.169979E-16,7.072298E-18,1.3289852E-16
9219.1455,1.0651093E-16,7.148106E-18,1.5283964E-16
9224.667,9.624001E-17,7.162708E-18,1.630888E-16
9230.1875,0.0,7.371959E-18,1.3926615E-16
